E_type,Voltage (V),Specific surface area (m2/g),IDIG_ratio,N-doped (at%),O-doped (at%),Current density (A/g),Capacitance (F/g)
2,1,1435,0.87,0,0,0.1,218
2,1,1435,0.87,0,0,0.5,209.3
2,1,1435,0.87,0,0,1,205
2,1,1435,0.87,0,0,2,203
2,1,1435,0.87,0,0,5,201
2,1,1435,0.87,0,0,10,194.6
2,1,1435,0.87,0,0,20,192
2,1,1282,1,0,0,0.1,175
2,1,1282,1,0,0,0.5,164
2,1,1282,1,0,0,1,157
2,1,1282,1,0,0,2,150.5
2,1,1282,1,0,0,5,142
2,1,1282,1,0,0,10,134.7
2,1,1282,1,0,0,20,122.5
2,2.7,3100,1.19,0,0,0.8,150
2,3.5,3100,1.19,0,0,1.4,165
2,3.5,3100,1.19,0,0,2.8,166
2,3.5,3100,1.19,0,0,5.7,166
2,3.5,3100,1.19,0,0,0.7,200
3,1,2485,0.79,2.87,12.21,0.5,279
3,1,2423,0.79,4.21,9.49,0.5,304
3,1,2629,0.81,7.55,9.2,0.5,359
3,1,2157,0.82,7.57,8.06,0.5,321
3,1,1152,0.84,8.96,8.43,0.5,239
3,1,1049,0.86,9.05,7.81,0.5,235
2,3.5,2485,0.79,2.87,12.21,0.2,135
2,3.5,2423,0.79,4.21,9.49,0.2,141
2,3.5,2629,0.81,7.55,9.2,0.2,211
2,3.5,2157,0.82,7.57,8.06,0.2,158
2,3.5,1152,0.84,8.96,8.43,0.2,101
2,3.5,1049,0.86,9.05,7.81,0.2,98
3,1,2128,0.88,8.72,15.73,1,341
3,1,2379,0.88,6.9,10.17,1,402
3,1,2379,0.88,6.9,10.17,0.5,533
3,1,1921,0.88,6.51,10.75,1,311
3,1,690,0.83,10.23,14.04,1,200
3,1,1782,0.88,5.1,10.51,1,280
3,1,1247,0.93,2.39,12.64,1,261
3,0.8,1527,0.84,4.99,8.78,1,241
3,0.8,1620,0.96,11.64,10.41,1,186
3,0.8,2218,0.87,6.15,12.66,1,267
3,0.8,2660,0.89,10.95,10.37,1,358
3,0.8,2660,0.89,10.95,10.37,0.5,376
3,0.8,2660,0.89,10.95,10.37,50,206
2,0.8,2660,0.89,10.95,10.37,72.5,0.2
2,0.8,2660,0.89,10.95,10.37,70.5,0.5
2,0.8,2660,0.89,10.95,10.37,67.5,1
2,0.8,2660,0.89,10.95,10.37,56.4,2
2,0.8,2660,0.89,10.95,10.37,48.8,5
2,0.8,2660,0.89,10.95,10.37,41.3,10
2,1,191.2,0.91,0,0,0.5,21
2,1,542.5,1.04,0,0,0.5,96
2,1,527.5,1.11,0,0,0.5,127
2,1,318.6,0.95,0,0,0.5,43
2,1,1356.3,1.09,0,0,0.5,264
2,1,1122.3,1.12,0,0,0.5,192
2,1,191.2,0.91,0,0,5,16.3
2,1,542.5,1.04,0,0,5,88.4
2,1,527.5,1.11,0,0,5,109.6
2,1,318.6,0.95,0,0,5,34.1
2,1,1356.3,1.09,0,0,5,234.8
2,1,1122.3,1.12,0,0,5,171.2
2,1,191.2,0.91,0,0,10,14
2,1,542.5,1.04,0,0,10,87.5
2,1,527.5,1.11,0,0,10,106
2,1,318.6,0.95,0,0,10,33.1
2,1,1356.3,1.09,0,0,10,232.5
2,1,1122.3,1.12,0,0,10,170.2
2,1,191.2,0.91,0,0,20,11.3
2,1,542.5,1.04,0,0,20,87.4
2,1,527.5,1.11,0,0,20,100
2,1,318.6,0.95,0,0,20,30
2,1,1356.3,1.09,0,0,20,228.6
2,1,1122.3,1.12,0,0,20,166.3
3,1,675,0.8,8.6,13.8,0.5,105
3,1,862,0.77,9.1,11.7,0.5,199
3,1,862,0.77,9.1,11.7,1,182
3,1,862,0.77,9.1,11.7,2,163
3,1,862,0.77,9.1,11.7,3,151
3,1,862,0.77,9.1,11.7,4,144
3,1,862,0.77,9.1,11.7,5,136
3,1,862,0.77,9.1,11.7,10,127
3,1,862,0.77,9.1,11.7,15,123
3,1,862,0.77,9.1,11.7,20,120
3,1,862,0.77,9.1,11.7,30,117
2,1,498.5,0.71,4.11,15.93,1,238
2,1,665,1.01,5.82,11.8,1,175
2,1,498.5,0.71,4.11,15.93,5,211
2,1,665,1.01,5.82,11.8,5,162
2,1,498.5,0.71,4.11,15.93,10,201
2,1,665,1.01,5.82,11.8,10,125
2,1,498.5,0.71,4.11,15.93,20,187
2,1,665,1.01,5.82,11.8,20,92
2,1,498.5,0.71,4.11,15.93,50,166
2,1,665,1.01,5.82,11.8,50,68
2,1,498.5,0.71,4.11,15.93,100,148
2,1,665,1.01,5.82,11.8,100,55
2,1,498.5,0.71,4.11,15.93,150,130
2,1,498.5,0.71,4.11,15.93,200,117
3,1,1264,1.01,9.2,15.5,0.5,236
3,1,1803,0.98,6.5,15.8,0.5,285
3,1,2695,1.02,3.4,17.5,0.5,263
3,1,1438,0.91,0.6,11.9,0.5,248
3,1,1264,1.01,9.2,15.5,1,216
3,1,1803,0.98,6.5,15.8,1,270
3,1,2695,1.02,3.4,17.5,1,242
3,1,1438,0.91,0.6,11.9,1,222
3,1,1264,1.01,9.2,15.5,2,198
3,1,1803,0.98,6.5,15.8,2,264
3,1,2695,1.02,3.4,17.5,2,230
3,1,1438,0.91,0.6,11.9,2,213
3,1,1264,1.01,9.2,15.5,5,189
3,1,1803,0.98,6.5,15.8,5,245
3,1,2695,1.02,3.4,17.5,5,206
3,1,1438,0.91,0.6,11.9,5,193
3,1,1264,1.01,9.2,15.5,8,164
3,1,1803,0.98,6.5,15.8,8,227
3,1,2695,1.02,3.4,17.5,8,185
3,1,1438,0.91,0.6,11.9,8,182
3,1,1264,1.01,9.2,15.5,10,154
3,1,1803,0.98,6.5,15.8,10,226
3,1,2695,1.02,3.4,17.5,10,172
3,1,1438,0.91,0.6,11.9,10,166
3,1,1264,1.01,9.2,15.5,15,116
3,1,1803,0.98,6.5,15.8,15,224
3,1,2695,1.02,3.4,17.5,15,166
3,1,1438,0.91,0.6,11.9,15,153
3,1,1803,0.98,6.5,15.8,20,200
3,1,2695,1.02,3.4,17.5,20,138
3,1,1438,0.91,0.6,11.9,20,133
2,1,1803,0.98,6.5,15.8,0.5,156
2,1,1803,0.98,6.5,15.8,1,153
2,1,1803,0.98,6.5,15.8,5,130
2,1,1803,0.98,6.5,15.8,10,111
2,1,1803,0.98,6.5,15.8,15,95
2,1,1438,0.91,0.6,11.9,0.5,130
2,1,1438,0.91,0.6,11.9,1,124
2,1,1438,0.91,0.6,11.9,5,99
2,1,1438,0.91,0.6,11.9,15,80
2,1,1803,0.98,6.5,15.8,0.5,178
2,1,1803,0.98,6.5,15.8,1,169
2,1,1803,0.98,6.5,15.8,5,138
2,1,1803,0.98,6.5,15.8,10,117
2,1,1803,0.98,6.5,15.8,15,104
2,1,1438,0.91,0.6,11.9,0.5,132
2,1,1438,0.91,0.6,11.9,1,127
2,1,1438,0.91,0.6,11.9,5,101
2,1,1438,0.91,0.6,11.9,10,95
3,1,847.9,0.92,1.45,25.07,0.5,220
3,1,891.8,0.8,0.96,18.74,0.5,272
3,1,878.2,0.78,1.02,15.88,0.5,250
3,1,1776.9,0.92,2.65,16.34,0.5,300.6
3,1,847.9,0.92,1.45,25.07,1,202
3,1,891.8,0.8,0.96,18.74,1,239
3,1,878.2,0.78,1.02,15.88,1,220
3,1,1776.9,0.92,2.65,16.34,1,268
3,1,847.9,0.92,1.45,25.07,2,186
3,1,891.8,0.8,0.96,18.74,2,213
3,1,878.2,0.78,1.02,15.88,2,197
3,1,1776.9,0.92,2.65,16.34,2,244
3,1,847.9,0.92,1.45,25.07,5,174
3,1,891.8,0.8,0.96,18.74,5,191
3,1,878.2,0.78,1.02,15.88,5,180
3,1,1776.9,0.92,2.65,16.34,5,224
3,1,847.9,0.92,1.45,25.07,10,167
3,1,891.8,0.8,0.96,18.74,10,184
3,1,878.2,0.78,1.02,15.88,10,172
3,1,1776.9,0.92,2.65,16.34,10,219
3,1,847.9,0.92,1.45,25.07,20,165
3,1,891.8,0.8,0.96,18.74,20,183
3,1,878.2,0.78,1.02,15.88,20,172
3,1,1776.9,0.92,2.65,16.34,20,213
2,2.5,1660,0.94,0.7,4.7,1,218
2,2.5,1355,0.9,0.7,4.4,1,152
2,2.5,1290,0.88,0.6,3.3,1,130
2,2.5,1660,0.94,0.7,4.7,2,212
2,2.5,1355,0.9,0.7,4.4,2,146
2,2.5,1290,0.88,0.6,3.3,2,126
2,2.5,1660,0.94,0.7,4.7,5,205
2,2.5,1355,0.9,0.7,4.4,5,136
2,2.5,1290,0.88,0.6,3.3,5,118
2,2.5,1660,0.94,0.7,4.7,10,197
2,2.5,1355,0.9,0.7,4.4,10,128
2,2.5,1290,0.88,0.6,3.3,10,109
2,2.5,1660,0.94,0.7,4.7,15,195
2,2.5,1355,0.9,0.7,4.4,15,122
2,2.5,1290,0.88,0.6,3.3,15,113
2,2.5,1660,0.94,0.7,4.7,20,190
2,2.5,1355,0.9,0.7,4.4,20,118
2,2.5,1290,0.88,0.6,3.3,20,96
2,2.5,1660,0.94,0.7,4.7,25,185
2,2.5,1355,0.9,0.7,4.4,25,111
2,2.5,1290,0.88,0.6,3.3,25,91
2,2.5,1660,0.94,0.7,4.7,30,180
2,2.5,1355,0.9,0.7,4.4,30,107
2,2.5,1290,0.88,0.6,3.3,30,86
2,2.5,1660,0.94,0.7,4.7,35,174
2,2.5,1355,0.9,0.7,4.4,35,113
2,2.5,1290,0.88,0.6,3.3,35,80
2,2.5,1660,0.94,0.7,4.7,40,170
2,2.5,1355,0.9,0.7,4.4,40,98
2,2.5,1290,0.88,0.6,3.3,40,76
2,2.5,1660,0.94,0.7,4.7,45,163
2,2.5,1355,0.9,0.7,4.4,45,94
2,2.5,1290,0.88,0.6,3.3,45,71
2,2.5,1660,0.94,0.7,4.7,50,159
2,2.5,1355,0.9,0.7,4.4,50,88
2,2.5,1290,0.88,0.6,3.3,50,67
3,1,1660,0.94,0.7,4.7,0.1,420
3,1,1355,0.9,0.7,4.4,0.1,354
3,1,1290,0.88,0.6,3.3,0.1,289
3,1,1660,0.94,0.7,4.7,1,348
3,1,1355,0.9,0.7,4.4,1,288
3,1,1290,0.88,0.6,3.3,1,224
3,1,1660,0.94,0.7,4.7,2,327
3,1,1355,0.9,0.7,4.4,2,276
3,1,1290,0.88,0.6,3.3,2,220
3,1,1660,0.94,0.7,4.7,5,311
3,1,1355,0.9,0.7,4.4,5,258
3,1,1290,0.88,0.6,3.3,5,211
3,1,1660,0.94,0.7,4.7,10,302
3,1,1355,0.9,0.7,4.4,10,247
3,1,1290,0.88,0.6,3.3,10,207
3,1,1660,0.94,0.7,4.7,20,300
3,1,1355,0.9,0.7,4.4,20,238
3,1,1290,0.88,0.6,3.3,20,207
3,1,1660,0.94,0.7,4.7,30,300
3,1,1355,0.9,0.7,4.4,30,235
3,1,1290,0.88,0.6,3.3,30,203
3,1,1660,0.94,0.7,4.7,40,295
3,1,1355,0.9,0.7,4.4,40,231
3,1,1290,0.88,0.6,3.3,40,196
3,1,1660,0.94,0.7,4.7,50,289
3,1,1355,0.9,0.7,4.4,50,232
3,1,1290,0.88,0.6,3.3,50,195
3,1,1660,0.94,0.7,4.7,100,284
2,1,1660,0.94,0.7,4.7,0.5,233
2,1,1355,0.9,0.7,4.4,0.5,217
2,1,1660,0.94,0.7,4.7,1,189
2,1,1355,0.9,0.7,4.4,1,207
2,1,1290,0.88,0.6,3.3,1,222
2,1,1660,0.94,0.7,4.7,2,185
2,1,1355,0.9,0.7,4.4,2,201
2,1,1290,0.88,0.6,3.3,2,216
2,1,1660,0.94,0.7,4.7,5,177
2,1,1355,0.9,0.7,4.4,5,191
2,1,1290,0.88,0.6,3.3,5,215
2,1,1660,0.94,0.7,4.7,10,170
2,1,1355,0.9,0.7,4.4,10,183
2,1,1290,0.88,0.6,3.3,10,208
2,1,1660,0.94,0.7,4.7,15,169
2,1,1355,0.9,0.7,4.4,15,182
2,1,1290,0.88,0.6,3.3,15,207
2,1,1660,0.94,0.7,4.7,20,170
2,1,1355,0.9,0.7,4.4,20,179
2,1,1290,0.88,0.6,3.3,20,206
2,1,1660,0.94,0.7,4.7,25,169
2,1,1355,0.9,0.7,4.4,25,177
2,1,1290,0.88,0.6,3.3,25,205
2,1,1660,0.94,0.7,4.7,30,163
2,1,1355,0.9,0.7,4.4,30,174
2,1,1290,0.88,0.6,3.3,30,202
2,4,2855.7,1.74,0.51,5.07,0.5,344.1
2,4,1921.7,1.905,0.93,6.4,1,178.7
2,4,2855.7,1.74,0.51,5.07,1,267
2,4,1921.7,1.905,0.93,6.4,2,167.9
2,4,2855.7,1.74,0.51,5.07,2,228.6
2,4,1921.7,1.905,0.93,6.4,3,131.1
2,4,2855.7,1.74,0.51,5.07,3,218.6
2,4,1921.7,1.905,0.93,6.4,4,102.9
2,4,2855.7,1.74,0.51,5.07,4,209.4
2,4,1921.7,1.905,0.93,6.4,5,76.3
2,4,2855.7,1.74,0.51,5.07,5,199.4
2,4,1921.7,1.905,0.93,6.4,6,61.6
2,4,1921.7,1.905,0.93,6.4,7,57.1
2,4,2855.7,1.74,0.51,5.07,7,185.6
2,4,1921.7,1.905,0.93,6.4,8,55
2,4,2855.7,1.74,0.51,5.07,8,172.5
2,4,1921.7,1.905,0.93,6.4,9,52.8
2,4,2855.7,1.74,0.51,5.07,9,156.1
2,4,1921.7,1.905,0.93,6.4,10,50.7
2,4,2855.7,1.74,0.51,5.07,10,149.3
3,0.8,1591,0.93,5.27,21,0.5,350
3,0.9,1591,0.93,5.27,21,0.5,419
3,0.8,3047,0.94,2.28,10,0.5,330
3,0.9,3047,0.94,2.28,10,0.5,352
3,0.8,3068,0.98,1.67,7,0.5,255
3,0.9,3068,0.98,1.67,7,0.5,312
3,0.8,1591,0.93,5.27,21,1,348
3,0.9,1591,0.93,5.27,21,1,386
3,0.8,3047,0.94,2.28,10,1,328
3,0.9,3047,0.94,2.28,10,1,340
3,0.8,3068,0.98,1.67,7,1,247
3,0.9,3068,0.98,1.67,7,1,301
3,0.8,1591,0.93,5.27,21,2,344
3,0.9,1591,0.93,5.27,21,2,360
3,0.8,3047,0.94,2.28,10,2,317
3,0.9,3047,0.94,2.28,10,2,325
3,0.8,3068,0.98,1.67,7,2,242
3,0.9,3068,0.98,1.67,7,2,291
3,0.8,1591,0.93,5.27,21,4,338
3,0.9,1591,0.93,5.27,21,4,328
3,0.8,3047,0.94,2.28,10,4,314
3,0.9,3047,0.94,2.28,10,4,312
3,0.8,3068,0.98,1.67,7,4,241
3,0.9,3068,0.98,1.67,7,4,272
3,0.8,1591,0.93,5.27,21,6,329
3,0.9,1591,0.93,5.27,21,6,312
3,0.8,3047,0.94,2.28,10,6,302
3,0.9,3047,0.94,2.28,10,6,302
3,0.8,3068,0.98,1.67,7,6,237
3,0.9,3068,0.98,1.67,7,6,262
3,0.8,1591,0.93,5.27,21,8,328
3,0.9,1591,0.93,5.27,21,8,286
3,0.8,3047,0.94,2.28,10,8,297
3,0.9,3047,0.94,2.28,10,8,293
3,0.8,3068,0.98,1.67,7,8,237
3,0.9,3068,0.98,1.67,7,8,253
3,0.8,1591,0.93,5.27,21,10,327
3,0.9,1591,0.93,5.27,21,10,272
3,0.8,3047,0.94,2.28,10,10,291
3,0.9,3047,0.94,2.28,10,10,287
3,0.8,3068,0.98,1.67,7,10,234
3,0.9,3068,0.98,1.67,7,10,240
3,0.8,1591,0.93,5.27,21,15,319
3,0.9,1591,0.93,5.27,21,15,250
3,0.8,3047,0.94,2.28,10,15,275
3,0.9,3047,0.94,2.28,10,15,273
3,0.8,3068,0.98,1.67,7,15,229
3,0.9,3068,0.98,1.67,7,15,226
3,0.8,1591,0.93,5.27,21,20,311
3,0.9,1591,0.93,5.27,21,20,236
3,0.8,3047,0.94,2.28,10,20,267
3,0.9,3047,0.94,2.28,10,20,263
3,0.8,3068,0.98,1.67,7,20,225
3,0.9,3068,0.98,1.67,7,20,220
3,0.8,1591,0.93,5.27,21,25,302
3,0.9,1591,0.93,5.27,21,25,218
3,0.8,3047,0.94,2.28,10,25,256
3,0.9,3047,0.94,2.28,10,25,254
3,0.8,3068,0.98,1.67,7,25,217
3,0.9,3068,0.98,1.67,7,25,212
3,0.8,1591,0.93,5.27,21,30,299
3,0.9,1591,0.93,5.27,21,30,206
3,0.8,3047,0.94,2.28,10,30,249
3,0.9,3047,0.94,2.28,10,30,246
3,0.8,3068,0.98,1.67,7,30,212
3,0.9,3068,0.98,1.67,7,30,207
3,1,2385,0.8,0,8.3,0.5,294
3,1,2795,0.84,0.95,7.1,0.5,360
3,1,3003,0.86,1.7,5.79,0.5,390
3,1,2385,0.8,0,8.3,1,254
3,1,2795,0.84,0.95,7.1,1,312
3,1,3003,0.86,1.7,5.79,1,349
3,1,2385,0.8,0,8.3,2,234
3,1,2795,0.84,0.95,7.1,2,288
3,1,3003,0.86,1.7,5.79,2,333
3,1,2385,0.8,0,8.3,5,221
3,1,2795,0.84,0.95,7.1,5,270
3,1,3003,0.86,1.7,5.79,5,315
3,1,2385,0.8,0,8.3,8,216
3,1,2795,0.84,0.95,7.1,8,261
3,1,3003,0.86,1.7,5.79,8,308
3,1,2385,0.8,0,8.3,10,211
3,1,2795,0.84,0.95,7.1,10,257
3,1,3003,0.86,1.7,5.79,10,305
3,0.9,2335,1,1.1,11,0.5,315
3,0.9,2335,1,1.1,11,1,284
3,0.9,2335,1,1.1,11,2,245
3,0.9,2335,1,1.1,11,5,220
3,0.9,2335,1,1.1,11,10,205
2,1,679,0.83,0,0,1,306
2,1,679,0.83,0,0,2,289
2,1,679,0.83,0,0,5,274
2,1,679,0.83,0,0,8,266
2,1,679,0.83,0,0,10,262
2,1,679,0.83,0,0,15,243
2,1,679,0.83,0,0,30,205
3,0.9,642.5,1.53,10.969,4.735,2,198.6
3,0.9,999.7,1.72,10.193,4.335,2,157.1
3,0.9,884.6,1.53,10.081,3.52,2,229
3,0.9,928.2,1.53,10.454,2.492,2,302.2
3,0.9,642.5,1.53,10.969,4.735,3,190
3,0.9,999.7,1.72,10.193,4.335,3,149.3
3,0.9,884.6,1.53,10.081,3.52,3,220.8
3,0.9,928.2,1.53,10.454,2.492,3,279.4
3,0.9,642.5,1.53,10.969,4.735,5,182.8
3,0.9,999.7,1.72,10.193,4.335,5,137.7
3,0.9,884.6,1.53,10.081,3.52,5,211.4
3,0.9,928.2,1.53,10.454,2.492,5,257.2
3,0.9,642.5,1.53,10.969,4.735,10,172.1
3,0.9,999.7,1.72,10.193,4.335,10,118.3
3,0.9,884.6,1.53,10.081,3.52,10,200
3,0.9,928.2,1.53,10.454,2.492,10,247.8
3,0.9,282,1.1,0,0,2,81.5
3,0.9,282,1.1,0,0,3,77.7
3,0.9,282,1.1,0,0,5,74.2
3,0.9,282,1.1,0,0,10,71.5
2,1,773,2.95,0,3.6,0.5,142
2,1,1766,2.5,0,3.6,0.5,220
2,1,910,2.9,0,0,0.5,160
2,1,773,2.95,0,3.6,1,137
2,1,1766,2.5,0,3.6,1,215
2,1,910,2.9,0,0,1,156
2,1,773,2.95,0,3.6,2,131
2,1,1766,2.5,0,3.6,2,209
2,1,910,2.9,0,0,2,143
2,1,773,2.95,0,3.6,4,111
2,1,1766,2.5,0,3.6,4,195
2,1,910,2.9,0,0,4,123
2,1,773,2.95,0,3.6,6,99
2,1,1766,2.5,0,3.6,6,194
2,1,910,2.9,0,0,6,111
2,1,773,2.95,0,3.6,8,87
2,1,1766,2.5,0,3.6,8,188
2,1,910,2.9,0,0,8,102
2,1,773,2.95,0,3.6,10,84
2,1,1766,2.5,0,3.6,10,187
2,1,910,2.9,0,0,10,100
2,1,773,2.95,0,3.6,20,72
2,1,1766,2.5,0,3.6,20,158
2,1,910,2.9,0,0,20,88
2,1,1460,0.96,0,0,0.1,160
3,1,951.7,1.64,0,0,0.5,123
3,1,1379.4,1.91,0,0,0.5,139
3,1,1636.2,1.92,0,0,0.5,148
3,1,1748.2,1.93,0,0,0.5,177
3,1,2006.9,1.95,0,0,0.5,200
3,1,2178.2,1.97,0,0,0.5,222
3,1,951.7,1.64,0,0,5,112
3,1,1379.4,1.91,0,0,5,125
3,1,1636.2,1.92,0,0,5,134
3,1,1748.2,1.93,0,0,5,156
3,1,2006.9,1.95,0,0,5,175
3,1,2178.2,1.97,0,0,5,210
3,1,951.7,1.64,0,0,20,96
3,1,1379.4,1.91,0,0,20,114
3,1,1636.2,1.92,0,0,20,124
3,1,1748.2,1.93,0,0,20,136
3,1,2006.9,1.95,0,0,20,160
3,1,2178.2,1.97,0,0,20,195
3,1,2548.6,0.96,0,0,0.5,239
3,1,2548.6,0.96,0,0,1,226.1
3,1,2548.6,0.96,0,0,2,217.3
3,1,2548.6,0.96,0,0,3,206.5
3,1,2548.6,0.96,0,0,5,199
3,1,2548.6,0.96,0,0,8,196.4
2,2.7,1549,0.86,0,8.5,0.2,115
2,2.7,1007,0.85,0,7.3,0.2,38
2,2.7,648,0.83,0,0,0.2,1.9
2,2.7,1549,0.86,0,8.5,5,89
2,2.7,1007,0.85,0,7.3,5,6
2,2.7,648,0.83,0,0,5,2
2,2.7,1549,0.86,0,8.5,10,72
2,2.7,1007,0.85,0,7.3,10,1
2,2.7,648,0.83,0,0,10,1
2,2.7,1549,0.86,0,8.5,20,58
2,0.9,1549,0.86,0,8.5,0.2,175.2
2,0.9,1007,0.85,0,7.3,0.2,147.2
2,0.9,648,0.83,0,0,0.2,174.4
2,0.9,1549,0.86,0,8.5,1,154
2,0.9,1007,0.85,0,7.3,1,144
2,0.9,648,0.83,0,0,1,162
2,0.9,1549,0.86,0,8.5,5,141
2,0.9,1007,0.85,0,7.3,5,128
2,0.9,1549,0.86,0,8.5,10,136
2,0.9,1007,0.85,0,7.3,10,121
2,0.9,648,0.83,0,0,10,118
2,0.9,1549,0.86,0,8.5,20,12
2,0.9,1007,0.85,0,7.3,20,104
2,0.9,648,0.83,0,0,20,84
2,0.9,1549,0.86,0,8.5,50,91
2,0.9,1007,0.85,0,7.3,50,68
2,0.9,648,0.83,0,0,50,33
3,0.9,943,1.15,2.06,23.32,1,232
3,0.9,1177,1.27,1.88,21.89,1,267
3,0.9,1733,1.38,1.64,18.98,1,304
3,0.9,1841,1.78,1.39,17.14,1,187
3,0.9,1554,2.35,1.09,15.24,1,204
3,0.9,943,1.15,2.06,23.32,2,224
3,0.9,1177,1.27,1.88,21.89,2,249
3,0.9,1733,1.38,1.64,18.98,2,293
3,0.9,1841,1.78,1.39,17.14,2,177
3,0.9,1554,2.35,1.09,15.24,2,199
3,0.9,943,1.15,2.06,23.32,3,215
3,0.9,1177,1.27,1.88,21.89,3,236
3,0.9,1733,1.38,1.64,18.98,3,282
3,0.9,1841,1.78,1.39,17.14,3,165
3,0.9,1554,2.35,1.09,15.24,3,188
3,0.9,943,1.15,2.06,23.32,5,210
3,0.9,1177,1.27,1.88,21.89,5,225
3,0.9,1733,1.38,1.64,18.98,5,261
3,0.9,1841,1.78,1.39,17.14,5,147
3,0.9,1554,2.35,1.09,15.24,5,169
3,0.9,943,1.15,2.06,23.32,10,189
3,0.9,1177,1.27,1.88,21.89,10,201
3,0.9,1733,1.38,1.64,18.98,10,211
3,0.9,1841,1.78,1.39,17.14,10,106
3,0.9,1554,2.35,1.09,15.24,10,128
3,0.9,943,1.15,2.06,23.32,20,162
3,0.9,1177,1.27,1.88,21.89,20,176
3,0.9,1733,1.38,1.64,18.98,20,202
3,0.9,1841,1.78,1.39,17.14,20,85
3,0.9,1554,2.35,1.09,15.24,20,102
3,0.9,943,1.15,2.06,23.32,30,140
3,0.9,1177,1.27,1.88,21.89,30,157
3,0.9,1733,1.38,1.64,18.98,30,191
3,0.9,1841,1.78,1.39,17.14,30,72
3,0.9,1554,2.35,1.09,15.24,30,84
3,0.9,1733,1.38,1.64,18.98,50,183
2,1,1733,1.38,1.64,18.98,1,72
2,1,1733,1.38,1.64,18.98,10,44.3
2,1,1733,1.38,1.64,18.98,20,42
2,3,1733,1.38,1.64,18.98,1,51.5
2,3,1733,1.38,1.64,18.98,10,33.8
3,1,2502,0.94,6.3,9.2,0.1,341
3,1,1349,0.91,9,8.5,0.1,190
3,1,2360,0.88,8.5,8,0.1,260
3,1,2502,0.94,6.3,9.2,1,328
3,1,1349,0.91,9,8.5,1,165
3,1,2360,0.88,8.5,8,1,249
3,1,2502,0.94,6.3,9.2,5,298
3,1,1349,0.91,9,8.5,5,146
3,1,2360,0.88,8.5,8,5,234
3,1,2502,0.94,6.3,9.2,10,280
3,1,1349,0.91,9,8.5,10,137
3,1,2360,0.88,8.5,8,10,220
3,1,2502,0.94,6.3,9.2,20,267
3,1,1349,0.91,9,8.5,20,133
3,1,2360,0.88,8.5,8,20,209
3,1,2502,0.94,6.3,9.2,30,260
3,1,1349,0.91,9,8.5,30,131
3,1,2360,0.88,8.5,8,30,193
3,1,2502,0.94,6.3,9.2,40,252
3,1,1349,0.91,9,8.5,40,128
3,1,2360,0.88,8.5,8,40,178
3,1,2502,0.94,6.3,9.2,50,244
3,1,1349,0.91,9,8.5,50,125
3,1,2360,0.88,8.5,8,50,163
2,1,2502,0.94,6.3,9.2,1,314
2,1,1349,0.91,9,8.5,1,164
2,1,2360,0.88,8.5,8,1,184
2,1,2502,0.94,6.3,9.2,5,279
2,1,1349,0.91,9,8.5,5,156
2,1,2360,0.88,8.5,8,5,176
2,1,2502,0.94,6.3,9.2,10,261
2,1,1349,0.91,9,8.5,10,148
2,1,2360,0.88,8.5,8,10,159
2,1,2502,0.94,6.3,9.2,20,245
2,1,1349,0.91,9,8.5,20,142
2,1,2360,0.88,8.5,8,20,133
2,1,2502,0.94,6.3,9.2,30,220
2,1,1349,0.91,9,8.5,30,128
2,1,2360,0.88,8.5,8,30,108
2,1,2502,0.94,6.3,9.2,50,188
2,1,1349,0.91,9,8.5,50,107
2,1,2360,0.88,8.5,8,50,87
3,1.2,543.68,0.89,1.2,8.5,0.5,221
3,1.2,7.91,0.68,0.6,1.9,0.5,2.1
2,1,543.68,0.89,1.2,8.5,2,204
2,1,7.91,0.68,0.6,1.9,2,2.6
2,1,543.68,0.89,1.2,8.5,5,198
2,1,7.91,0.68,0.6,1.9,5,3.1
2,1,543.68,0.89,1.2,8.5,10,192
2,1,7.91,0.68,0.6,1.9,10,2.4
2,1,543.68,0.89,1.2,8.5,15,185
2,1,7.91,0.68,0.6,1.9,15,1.6
2,1,543.68,0.89,1.2,8.5,20,180
2,1,7.91,0.68,0.6,1.9,20,3
2,1,543.68,0.89,1.2,8.5,25,176
2,1,7.91,0.68,0.6,1.9,25,2.3
2,1,543.68,0.89,1.2,8.5,30,172
2,1,7.91,0.68,0.6,1.9,30,2.8
2,1,543.68,0.89,1.2,8.5,35,170
2,1,7.91,0.68,0.6,1.9,35,2.9
2,1,543.68,0.89,1.2,8.5,40,168
2,1,7.91,0.68,0.6,1.9,40,2.6
3,1,477,1.01,0,0,1,80
3,1,2753,1.12,0,0,1,307
3,0.9,312,0.78,1.2,5.6,0.1,125
3,0.9,1588,0.84,5.3,9.3,0.1,240.4
3,0.9,2665,0.81,1.1,10.9,0.1,279.1
3,0.9,2856,0.83,2.2,11.1,0.1,386.2
3,0.9,3253,0.86,0.9,7.1,0.1,365.9
3,0.9,312,0.78,1.2,5.6,1,92
3,0.9,1588,0.84,5.3,9.3,1,198
3,0.9,2665,0.81,1.1,10.9,1,222
3,0.9,2856,0.83,2.2,11.1,1,294
3,0.9,3253,0.86,0.9,7.1,1,290
3,0.9,312,0.78,1.2,5.6,2,84
3,0.9,1588,0.84,5.3,9.3,2,182
3,0.9,2665,0.81,1.1,10.9,2,212
3,0.9,2856,0.83,2.2,11.1,2,271
3,0.9,3253,0.86,0.9,7.1,2,280
3,0.9,312,0.78,1.2,5.6,3,76
3,0.9,1588,0.84,5.3,9.3,3,169
3,0.9,2665,0.81,1.1,10.9,3,203
3,0.9,2856,0.83,2.2,11.1,3,253
3,0.9,3253,0.86,0.9,7.1,3,266
3,0.9,312,0.78,1.2,5.6,4,69
3,0.9,1588,0.84,5.3,9.3,4,156
3,0.9,2665,0.81,1.1,10.9,4,196
3,0.9,2856,0.83,2.2,11.1,4,239
3,0.9,3253,0.86,0.9,7.1,4,260
3,0.9,312,0.78,1.2,5.6,5,60
3,0.9,1588,0.84,5.3,9.3,5,142
3,0.9,2665,0.81,1.1,10.9,5,191
3,0.9,2856,0.83,2.2,11.1,5,229
3,0.9,3253,0.86,0.9,7.1,5,253
3,0.9,312,0.78,1.2,5.6,6,55
3,0.9,1588,0.84,5.3,9.3,6,134
3,0.9,2665,0.81,1.1,10.9,6,183
3,0.9,2856,0.83,2.2,11.1,6,213
3,0.9,3253,0.86,0.9,7.1,6,244
3,0.9,312,0.78,1.2,5.6,7,49
3,0.9,1588,0.84,5.3,9.3,7,123
3,0.9,2665,0.81,1.1,10.9,7,181
3,0.9,2856,0.83,2.2,11.1,7,203
3,0.9,3253,0.86,0.9,7.1,7,236
3,0.9,312,0.78,1.2,5.6,8,47
3,0.9,1588,0.84,5.3,9.3,8,115
3,0.9,2665,0.81,1.1,10.9,8,171
3,0.9,2856,0.83,2.2,11.1,8,193
3,0.9,3253,0.86,0.9,7.1,8,227
3,0.9,312,0.78,1.2,5.6,9,44
3,0.9,1588,0.84,5.3,9.3,9,106
3,0.9,2665,0.81,1.1,10.9,9,166
3,0.9,2856,0.83,2.2,11.1,9,183
3,0.9,3253,0.86,0.9,7.1,9,224
3,0.9,312,0.78,1.2,5.6,10,39
3,0.9,1588,0.84,5.3,9.3,10,100
3,0.9,2665,0.81,1.1,10.9,10,161
3,0.9,2856,0.83,2.2,11.1,10,173
3,0.9,3253,0.86,0.9,7.1,10,218
2,1,342,1.22,0.54,1.8,0.1,10.6
2,1,342,1.22,0.54,1.8,0.1,22.2
2,1,341,1.03,1.02,2.85,0.1,29.6
2,1,341,1.03,1.02,2.85,0.1,29.7
2,1,343,1.38,0,1.54,0.1,2.59
2,1,343,1.38,0,1.54,0.1,7.86
2,1,301,1.25,0,3.67,0.1,19.9
2,1,301,1.25,0,3.67,0.1,34.6
3,1,406,0.926,0,0,0.2,198
3,1,455,0.98,0,0,0.2,127.6
3,1,515,0.926,0,0,0.2,144.8
3,1,566,0.926,0,0,0.2,99.2
3,1,640,0.952,0,0,0.2,182
3,1,686,0.934,0,0,0.2,200.72
3,1,783,0.926,0,0,0.2,226.2
3,1,783,0.926,0,0,10,178
3,1,799,0.877,0,0,0.2,135.4
3,1,715,1.47,0,0,0.05,177
3,1,220,1.43,0,0,0.05,99
2,1.3,1642,0.74,0,0,0.2,234
2,1.3,2094,1.11,0,0,0.2,224
2,1.3,2823,0.76,0,0,0.2,316
2,1.3,1642,0.74,0,0,1,188
2,1.3,2094,1.11,0,0,1,167
2,1.3,2823,0.76,0,0,1,218
2,1.3,1642,0.74,0,0,2,178
2,1.3,2094,1.11,0,0,2,148
2,1.3,2823,0.76,0,0,2,195
2,1.3,1642,0.74,0,0,5,164
2,1.3,2094,1.11,0,0,5,139
2,1.3,2823,0.76,0,0,5,186
2,1.3,1642,0.74,0,0,10,139
2,1.3,2094,1.11,0,0,10,124
2,1.3,2823,0.76,0,0,10,184
2,1.3,1642,0.74,0,0,20,124
2,1.3,2094,1.11,0,0,20,92
2,1.3,2823,0.76,0,0,20,182
3,1,124.5,0.81,0,10.1,1,112
3,1,427.3,1.12,0,8.19,1,143
3,1,1218.5,1.73,0,9.25,1,291
3,1,1218.5,1.73,0,9.25,1.5,287
3,1,1218.5,1.73,0,9.25,2,278
3,1,1218.5,1.73,0,9.25,3,265
3,1,1218.5,1.73,0,9.25,5,259
3,1,1218.5,1.73,0,9.25,10,246
3,1,1218.5,1.73,0,9.25,20,220
3,1,1218.5,1.73,0,9.25,30,214
2,3.5,2005.9,1.12,0.1,6.27,1,140
2,3.5,2005.9,1.12,0.1,6.27,2,138
2,3.5,2005.9,1.12,0.1,6.27,3,136
2,3.5,2005.9,1.12,0.1,6.27,5,134
2,3.5,2005.9,1.12,0.1,6.27,10,131
2,3.5,2005.9,1.12,0.1,6.27,20,122
2,3.5,2005.9,1.12,0.1,6.27,30,116
2,3.5,2005.9,1.12,0.1,6.27,40,111
2,3.5,2005.9,1.12,0.1,6.27,50,106
3,1,2005.9,1.12,0.1,6.27,1,319
3,1,379.9,1.15,1.53,1.6,1,227
3,1,2005.9,1.12,0.1,6.27,2,290
3,1,379.9,1.15,1.53,1.6,2,215
3,1,2005.9,1.12,0.1,6.27,3,250
3,1,379.9,1.15,1.53,1.6,3,205
3,1,2005.9,1.12,0.1,6.27,5,225
3,1,379.9,1.15,1.53,1.6,5,146
3,1,2005.9,1.12,0.1,6.27,10,199
3,1,379.9,1.15,1.53,1.6,10,114
3,1,2005.9,1.12,0.1,6.27,20,169
3,1,379.9,1.15,1.53,1.6,20,97
3,1,2005.9,1.12,0.1,6.27,30,154
3,1,379.9,1.15,1.53,1.6,30,89
2,1,2005.9,1.12,0.1,6.27,1,145
2,1,2005.9,1.12,0.1,6.27,2,143
2,1,2005.9,1.12,0.1,6.27,3,141
2,1,2005.9,1.12,0.1,6.27,5,138
2,1,2005.9,1.12,0.1,6.27,10,135
2,1,2005.9,1.12,0.1,6.27,20,131
2,1,2005.9,1.12,0.1,6.27,30,125
3,1,1130,1.18,0,0,0.9,132
3,1,1130,1.18,0,0,2.3,113.7
3,1,1130,1.18,0,0,4.5,104.7
3,1,1130,1.18,0,0,9,90.7
3,1,1130,1.18,0,0,23,74.7
3,1,1130,1.18,0,0,45,54.8
2,0.9,552,2.64,0,0,0.1,140
2,0.9,552,2.64,0,0,0.5,132
2,0.9,552,2.64,0,0,1,123
2,0.9,552,2.64,0,0,5,87.5
2,0.9,1616,4.54,0,0,0.1,220
2,0.9,1616,4.54,0,0,0.5,109
2,0.9,1616,4.54,0,0,1,68
2,0.9,1616,4.54,0,0,5,44
2,0.9,2490,0.55,0,0,0.1,283
2,0.9,2490,0.55,0,0,0.5,264
2,0.9,2490,0.55,0,0,1,184
2,0.9,2490,0.55,0,0,5,172
3,1,521,1,7.3,10.7,0.25,227
3,1,1217.1,1,6.3,15.2,0.25,525
3,1,1405.6,1,4.2,13.6,0.25,409
3,1,521,1,7.3,10.7,0.25,273
3,1,1217.1,1,6.3,15.2,0.25,556
3,1,1405.6,1,4.2,13.6,0.25,420
3,1,521,1,7.3,10.7,0.5,213
3,1,1217.1,1,6.3,15.2,0.5,464
3,1,1405.6,1,4.2,13.6,0.5,381
3,1,521,1,7.3,10.7,0.5,252
3,1,1217.1,1,6.3,15.2,0.5,494
3,1,1405.6,1,4.2,13.6,0.5,387
3,1,521,1,7.3,10.7,1,198
3,1,1217.1,1,6.3,15.2,1,432
3,1,1405.6,1,4.2,13.6,1,339
3,1,521,1,7.3,10.7,1,228
3,1,1217.1,1,6.3,15.2,1,459
3,1,1405.6,1,4.2,13.6,1,355
3,1,521,1,7.3,10.7,2,185
3,1,1217.1,1,6.3,15.2,2,399
3,1,1405.6,1,4.2,13.6,2,301
3,1,521,1,7.3,10.7,2,207
3,1,1217.1,1,6.3,15.2,2,413
3,1,1405.6,1,4.2,13.6,2,323
3,1,521,1,7.3,10.7,4,171
3,1,1217.1,1,6.3,15.2,4,370
3,1,1405.6,1,4.2,13.6,4,375
3,1,521,1,7.3,10.7,4,192
3,1,1217.1,1,6.3,15.2,4,377
3,1,1405.6,1,4.2,13.6,4,297
3,1,521,1,7.3,10.7,6,163
3,1,1217.1,1,6.3,15.2,6,357
3,1,1405.6,1,4.2,13.6,6,260
3,1,521,1,7.3,10.7,6,186
3,1,1217.1,1,6.3,15.2,6,358
3,1,1405.6,1,4.2,13.6,6,285
3,1,521,1,7.3,10.7,8,159
3,1,1217.1,1,6.3,15.2,8,343
3,1,1405.6,1,4.2,13.6,8,252
3,1,521,1,7.3,10.7,8,180
3,1,1217.1,1,6.3,15.2,8,343
3,1,1405.6,1,4.2,13.6,8,282
3,1,521,1,7.3,10.7,10,154
3,1,1217.1,1,6.3,15.2,10,337
3,1,1405.6,1,4.2,13.6,10,251
3,1,521,1,7.3,10.7,10,178
3,1,1217.1,1,6.3,15.2,10,345
3,1,1405.6,1,4.2,13.6,10,273
3,1,521,1,7.3,10.7,15,147
3,1,1217.1,1,6.3,15.2,15,329
3,1,1405.6,1,4.2,13.6,15,243
3,1,521,1,7.3,10.7,15,167
3,1,1217.1,1,6.3,15.2,15,331
3,1,1405.6,1,4.2,13.6,15,260
3,1,521,1,7.3,10.7,20,143
3,1,1217.1,1,6.3,15.2,20,316
3,1,1405.6,1,4.2,13.6,20,230
3,1,521,1,7.3,10.7,20,161
3,1,1217.1,1,6.3,15.2,20,317
3,1,1405.6,1,4.2,13.6,20,251
3,1,521,1,7.3,10.7,25,138
3,1,1217.1,1,6.3,15.2,25,310
3,1,1405.6,1,4.2,13.6,25,224
3,1,521,1,7.3,10.7,25,163
3,1,1217.1,1,6.3,15.2,25,306
3,1,1405.6,1,4.2,13.6,25,243
3,1,521,1,7.3,10.7,30,136
3,1,1217.1,1,6.3,15.2,30,300
3,1,1405.6,1,4.2,13.6,30,221
3,1,521,1,7.3,10.7,30,154
3,1,1217.1,1,6.3,15.2,30,298
3,1,1405.6,1,4.2,13.6,30,237
3,1,1840.3,1,0,4.5,0.25,182
3,1,1840.3,1,0,4.5,0.25,180
3,1,1840.3,1,0,4.5,0.5,161
3,1,1840.3,1,0,4.5,0.5,167
3,1,1840.3,1,0,4.5,1,152
3,1,1840.3,1,0,4.5,1,164
3,1,1840.3,1,0,4.5,2,151
3,1,1840.3,1,0,4.5,2,152
3,1,1840.3,1,0,4.5,4,138
3,1,1840.3,1,0,4.5,4,144
3,1,1840.3,1,0,4.5,6,137
3,1,1840.3,1,0,4.5,6,143
3,1,1840.3,1,0,4.5,8,131
3,1,1840.3,1,0,4.5,8,137
3,1,1840.3,1,0,4.5,10,129
3,1,1840.3,1,0,4.5,10,133
3,1,1840.3,1,0,4.5,15,119
3,1,1840.3,1,0,4.5,15,130
3,1,1840.3,1,0,4.5,20,114
3,1,1840.3,1,0,4.5,20,123
3,1,1840.3,1,0,4.5,25,105
3,1,1840.3,1,0,4.5,25,118
3,1,1840.3,1,0,4.5,30,104
3,1,1840.3,1,0,4.5,30,114
3,0.8,854,1,6.7,4.1,1,131
3,1,613.8,2.38,9,6.3,0.1,216
3,1,4.7,3.91,17.2,3.6,0.1,10
3,1,8.5,2.69,15.8,3.2,0.1,58
3,1,187.5,3.32,9.2,2.4,0.1,75.6
3,1,551.2,3.36,3.1,3.2,0.1,184
3,1,190.38,1,3.2,11.3,1,290
3,1,171.56,0.5,2.9,6.4,1,270
3,1,190.38,1,3.2,11.3,3,250
3,1,171.56,0.5,2.9,6.4,3,258
3,1,190.38,1,3.2,11.3,5,227
3,1,171.56,0.5,2.9,6.4,5,245
3,1,190.38,1,3.2,11.3,10,195
3,1,171.56,0.5,2.9,6.4,10,229
3,1,190.38,1,3.2,11.3,15,178
3,1,171.56,0.5,2.9,6.4,15,215
3,1,190.38,1,3.2,11.3,20,166
3,1,171.56,0.5,2.9,6.4,20,212
3,1,1.4,0.88,8.76,4.24,0.1,189
3,1,1.4,0.88,8.76,4.24,0.1,270
2,2,2250,2.45,0,0,0.48,160.4
2,2,2250,2.45,0,0,1.7,152.5
2,2,2250,2.45,0,0,3.5,150
2,2,2250,2.45,0,0,8.6,149
2,2,2250,2.45,0,0,17,148
2,2,2430,2.26,0,0,0.48,129.4
2,2,2430,2.26,0,0,0.78,127.6
2,2,2430,2.26,0,0,1.56,126.5
2,2,2430,2.26,0,0,4,125.4
2,2,2430,2.26,0,0,7.9,125
2,2,2420,2,0,0,0.48,149.2
2,2,2420,2,0,0,1.1,147.2
2,2,2420,2,0,0,2.3,143
2,2,2420,2,0,0,5.9,139
2,2,2420,2,0,0,11.6,137.5
2,0.9,263,1.03,0,0,0.325,202
2,0.9,263,1.03,0,0,0.65,173.6
2,0.9,263,1.03,0,0,3.25,140.8
2,0.9,263,1.03,0,0,6.5,122.2
2,0.9,263,1.03,0,0,32.5,103
2,0.9,263,1.03,0,0,65,96.7
3,0.8,682,1.62,0,10.75,0.2,100
3,0.8,1383,1.3,0,9,0.2,160
3,0.8,682,1.62,0,10.75,0.5,97
3,0.8,1383,1.3,0,9,0.5,158
3,0.8,682,1.62,0,10.75,1,94
3,0.8,1383,1.3,0,9,1,155
3,0.8,682,1.62,0,10.75,2,90
3,0.8,1383,1.3,0,9,2,152
3,0.8,682,1.62,0,10.75,5,85
3,0.8,1383,1.3,0,9,5,144
3,0.8,682,1.62,0,10.75,10,81
3,0.8,1383,1.3,0,9,10,139
3,0.8,682,1.62,0,10.75,20,77
3,0.8,1383,1.3,0,9,20,135
2,3.4,1230,2.38,0,8,1,125
2,3.4,1230,2.38,0,8,2,104
2,3.4,1230,2.38,0,8,4,83
2,3.4,1230,2.38,0,8,6,70
2,3.4,1230,2.38,0,8,8,60
2,3.4,1263,1.97,0,8,1,125
2,3.4,1263,1.97,0,8,2,104
2,3.4,1263,1.97,0,8,4,87
2,3.4,1263,1.97,0,8,6,76
2,3.4,1263,1.97,0,8,8,71
2,3.4,1263,1.97,0,8,10,64
2,3.4,1886,2,0,8,1,231
2,3.4,1886,2,0,8,2,226
2,3.4,1886,2,0,8,4,218
2,3.4,1886,2,0,8,6,214
2,3.4,1886,2,0,8,8,209
2,3.4,1886,2,0,8,10,203
2,3.4,1089,2.21,0,7,1,135
2,3.4,1089,2.21,0,7,2,122
2,3.4,1089,2.21,0,7,4,105
2,3.4,1089,2.21,0,7,6,90
2,3.4,1089,2.21,0,7,8,77
3,1,534,0.97,0,0,0.01,150
3,1,910,1.01,3.1,0,0.01,204
3,1,145.4,1.16,1.49,7.33,1,12
3,1,145.4,1.16,1.49,7.33,2,8.7
3,1,145.4,1.16,1.49,7.33,3,6.6
3,1,145.4,1.16,1.49,7.33,5,6.7
3,1,145.4,1.16,1.49,7.33,10,5.9
3,1,760.49,1.22,3.9,9.48,1,149
3,1,760.49,1.22,3.9,9.48,2,139
3,1,760.49,1.22,3.9,9.48,3,136
3,1,760.49,1.22,3.9,9.48,5,129.5
3,1,760.49,1.22,3.9,9.48,10,124
3,1,584.98,1.25,0.92,7.38,1,148
3,1,584.98,1.25,0.92,7.38,2,144
3,1,584.98,1.25,0.92,7.38,3,140
3,1,584.98,1.25,0.92,7.38,5,135.5
3,1,945.76,1.34,5.59,6.91,1,256
3,1,945.76,1.34,5.59,6.91,2,245.6
3,1,945.76,1.34,5.59,6.91,3,242
3,1,945.76,1.34,5.59,6.91,5,237
3,1,945.76,1.34,5.59,6.91,10,230
3,1,945.76,1.34,5.59,6.91,50,210
3,1,945.76,1.34,5.59,6.91,100,190
3,1,805.58,1.51,8.34,9.24,1,323
3,1,805.58,1.51,8.34,9.24,2,300
3,1,805.58,1.51,8.34,9.24,3,286.6
3,1,805.58,1.51,8.34,9.24,5,270
3,1,805.58,1.51,8.34,9.24,10,254
3,1,805.58,1.51,8.34,9.24,50,175
3,1,805.58,1.51,8.34,9.24,100,120
2,1,805.58,1.51,8.34,9.24,0.25,300
2,1,805.58,1.51,8.34,9.24,0.5,265
2,1,805.58,1.51,8.34,9.24,1,238
2,1,805.58,1.51,8.34,9.24,2,194
2,1,805.58,1.51,8.34,9.24,3,142
2,1,805.58,1.51,8.34,9.24,5,132
3,1,4073,1.121,0.55,17.88,0.5,225
3,1,4073,1.121,0.55,17.88,1,194
3,1,4073,1.121,0.55,17.88,2,185
3,1,4073,1.121,0.55,17.88,5,174.4
3,1,4073,1.121,0.55,17.88,10,159
3,1,4073,1.121,0.55,17.88,20,154
3,1,4073,1.121,0.55,17.88,50,150
3,1,1009,0.96,7.18,6.57,0.1,277
3,1,1245,1.02,5.72,6.05,0.1,292
3,1,1638,1.45,4.36,5.29,0.1,302
3,1,1009,0.96,7.18,6.57,0.2,256
3,1,1245,1.02,5.72,6.05,0.2,279
3,1,1638,1.45,4.36,5.29,0.2,281
3,1,1009,0.96,7.18,6.57,0.5,240
3,1,1245,1.02,5.72,6.05,0.5,258
3,1,1638,1.45,4.36,5.29,0.5,261
3,1,1009,0.96,7.18,6.57,1,236
3,1,1245,1.02,5.72,6.05,1,248
3,1,1638,1.45,4.36,5.29,1,254
3,1,1009,0.96,7.18,6.57,3,224
3,1,1245,1.02,5.72,6.05,3,238
3,1,1638,1.45,4.36,5.29,3,246
3,1,1009,0.96,7.18,6.57,5,219
3,1,1245,1.02,5.72,6.05,5,233
3,1,1638,1.45,4.36,5.29,5,239
3,1,1009,0.96,7.18,6.57,10,210
3,1,1245,1.02,5.72,6.05,10,223
3,1,1638,1.45,4.36,5.29,10,228
3,1,1009,0.96,7.18,6.57,20,202
3,1,1245,1.02,5.72,6.05,20,209
3,1,1638,1.45,4.36,5.29,20,217
2,3.5,1638,1.45,4.36,5.29,0.1,155
2,3.5,1638,1.45,4.36,5.29,0.2,146
2,3.5,1638,1.45,4.36,5.29,0.5,131
2,3.5,1638,1.45,4.36,5.29,1,120
2,3.5,1638,1.45,4.36,5.29,3,96
2,3.5,1638,1.45,4.36,5.29,5,82
2,3.5,1638,1.45,4.36,5.29,7,73
2,3.5,1638,1.45,4.36,5.29,10,59
3,1,1742,0.88,1,6.3,0.5,266
3,1,2033,0.99,0.8,5.6,0.5,374
3,1,2312,0.98,1.4,4.5,0.5,355
3,1,1742,0.88,1,6.3,1,239
3,1,2033,0.99,0.8,5.6,1,290
3,1,2312,0.98,1.4,4.5,1,298
3,1,1742,0.88,1,6.3,2,222
3,1,2033,0.99,0.8,5.6,2,258
3,1,2312,0.98,1.4,4.5,2,274
3,1,1742,0.88,1,6.3,5,210
3,1,2033,0.99,0.8,5.6,5,235
3,1,2312,0.98,1.4,4.5,5,253
3,1,1742,0.88,1,6.3,10,203
3,1,2033,0.99,0.8,5.6,10,227
3,1,2312,0.98,1.4,4.5,10,243
3,1,1742,0.88,1,6.3,20,202
3,1,2033,0.99,0.8,5.6,20,219
3,1,2312,0.98,1.4,4.5,20,240
3,1,1742,0.88,1,6.3,30,197
3,1,2033,0.99,0.8,5.6,30,214
3,1,2312,0.98,1.4,4.5,30,236
3,1,1742,0.88,1,6.3,40,194
3,1,2033,0.99,0.8,5.6,40,211
3,1,2312,0.98,1.4,4.5,40,233
3,1,1742,0.88,1,6.3,50,193
3,1,2033,0.99,0.8,5.6,50,207
3,1,2312,0.98,1.4,4.5,50,230
3,0.5,2312,0.98,1.4,4.5,0.5,255.5
3,0.5,2312,0.98,1.4,4.5,1,225
3,0.5,2312,0.98,1.4,4.5,2,215
3,0.5,2312,0.98,1.4,4.5,5,202
3,0.5,2312,0.98,1.4,4.5,10,195
3,0.5,2312,0.98,1.4,4.5,20,178
2,1.8,2312,0.98,1.4,4.5,0.2,45.2
3,0.8,2905.6,0.94,1.95,8.6,1,374.7
3,0.8,2905.6,0.94,1.95,8.6,2,369.7
3,0.8,2905.6,0.94,1.95,8.6,4,364.7
3,0.8,2905.6,0.94,1.95,8.6,6,360.7
3,0.8,2905.6,0.94,1.95,8.6,8,356.3
3,0.8,2905.6,0.94,1.95,8.6,10,350.4
3,0.8,2905.6,0.94,1.95,8.6,20,344.5
3,0.8,2905.6,0.94,1.95,8.6,40,333.6
3,0.8,2905.6,0.94,1.95,8.6,60,323.8
3,0.8,2905.6,0.94,1.95,8.6,80,316.5
3,0.8,2905.6,0.94,1.95,8.6,100,313.1
3,0.8,2905.6,0.94,1.95,8.6,200,283.3
3,0.8,2905.6,0.94,1.95,8.6,300,258
3,0.8,2905.6,0.94,1.95,8.6,400,243.4
3,0.8,2905.6,0.94,1.95,8.6,500,235.9
3,0.9,1591,2.51,0,4.62,0.5,303
3,0.9,1591,2.51,0,4.62,1,273
3,0.9,1591,2.51,0,4.62,2,248
3,0.9,1591,2.51,0,4.62,5,218
3,0.9,1591,2.51,0,4.62,10,201
3,0.9,1591,2.51,0,4.62,20,181
3,0.9,1591,2.51,0,4.62,40,153
3,1,552.03,0.89,22,11.64,1,114
3,1,625.56,0.95,19.98,9.44,1,193
3,1,739.84,1.12,17.18,7.09,1,273
3,1,861.2,0.98,15.94,6.39,1,323
3,1,822.87,0.97,7.07,7.81,1,291
2,3.8,625.56,0.95,19.98,9.44,0.2,156
2,3.8,739.84,1.12,17.18,7.09,0.2,215
2,3.8,861.2,0.98,15.94,6.39,0.2,233.5
2,3.8,822.87,0.97,7.07,7.81,0.2,193
2,3.8,861.2,0.98,15.94,6.39,0.6,195.3
2,3.8,861.2,0.98,15.94,6.39,0.3,218.8
2,3.8,861.2,0.98,15.94,6.39,0.4,209.2
2,3.8,861.2,0.98,15.94,6.39,0.8,186.3
2,3.8,861.2,0.98,15.94,6.39,1,180.7
2,3.8,861.2,0.98,15.94,6.39,3,138.9
2,3.8,861.2,0.98,15.94,6.39,5,128.3
2,3.8,861.2,0.98,15.94,6.39,8,116.4
3,1,1634.5,2.72,0,0,1,204.4
3,1,1972.1,2.55,0,0,1,236.5
3,1,1918.5,2.42,0,0,1,209.2
3,1,1634.5,2.72,0,0,5,135.2
3,1,1972.1,2.55,0,0,5,176.7
3,1,1918.5,2.42,0,0,5,103.8
3,1,1634.5,2.72,0,0,10,125.7
3,1,1972.1,2.55,0,0,10,165.9
3,1,1918.5,2.42,0,0,10,94.6
3,1,1634.5,2.72,0,0,20,119.2
3,1,1972.1,2.55,0,0,20,154.8
3,1,1918.5,2.42,0,0,20,90.2
3,1,2278.9,0.8674,1.77,10.42,1,158.4
3,1,2278.9,0.8674,1.77,10.42,2,152.4
3,1,2278.9,0.8674,1.77,10.42,3,148.3
3,1,2278.9,0.8674,1.77,10.42,5,146.2
3,1,2278.9,0.8674,1.77,10.42,10,141.6
3,1,2278.9,0.8674,1.77,10.42,20,126
3,1,2278.9,0.8674,1.77,10.42,30,121.5
3,1,2365.1,0.878,1.73,9.45,1,210.2
3,1,2365.1,0.878,1.73,9.45,2,208.4
3,1,2365.1,0.878,1.73,9.45,3,205.3
3,1,2365.1,0.878,1.73,9.45,5,201.2
3,1,2365.1,0.878,1.73,9.45,10,197.6
3,1,2365.1,0.878,1.73,9.45,20,189.4
3,1,2365.1,0.878,1.73,9.45,30,183.8
3,1,2549.3,0.8724,1.44,9.15,1,234.2
3,1,2549.3,0.8724,1.44,9.15,2,233.6
3,1,2549.3,0.8724,1.44,9.15,3,226.8
3,1,2549.3,0.8724,1.44,9.15,5,219
3,1,2549.3,0.8724,1.44,9.15,10,213.8
3,1,2549.3,0.8724,1.44,9.15,20,204.6
3,1,2549.3,0.8724,1.44,9.15,30,194.3
3,1,2599.6,0.8715,0.99,8.99,1,287.1
3,1,2599.6,0.8715,0.99,8.99,2,283.3
3,1,2599.6,0.8715,0.99,8.99,3,267.6
3,1,2599.6,0.8715,0.99,8.99,5,267.6
3,1,2599.6,0.8715,0.99,8.99,10,258.3
3,1,2599.6,0.8715,0.99,8.99,20,249.1
3,1,2599.6,0.8715,0.99,8.99,30,245.1
3,1,1376,0.95,0,0,1,172
3,1,1463,0.97,0,0,1,255
3,1,1463,0.97,0,0,2,212
3,1,1463,0.97,0,0,5,192
3,1,1463,0.97,0,0,10,184
3,1,1463,0.97,0,0,15,181
3,1,1463,0.97,0,0,20,175
2,1,1463,0.97,0,0,1,63
2,1,1463,0.97,0,0,5,60
2,1,1463,0.97,0,0,10,58.5
2,1,1463,0.97,0,0,20,57.2
3,1,1458,1,0,0,1,158
3,1,1370,1.02,0,0,1,143
2,3.8,3734,0.94,1.28,6.45,0.1,174
2,3.8,3837,0.96,1.21,6.36,0.1,217
2,3.8,3734,0.94,1.28,6.45,0.5,169
2,3.8,3837,0.96,1.21,6.36,0.5,208
2,3.8,3734,0.94,1.28,6.45,1,162
2,3.8,3837,0.96,1.21,6.36,1,201
2,3.8,3734,0.94,1.28,6.45,2,155
2,3.8,3837,0.96,1.21,6.36,2,193
2,3.8,3734,0.94,1.28,6.45,3,150
2,3.8,3837,0.96,1.21,6.36,3,188
2,3.8,3734,0.94,1.28,6.45,4,146
2,3.8,3837,0.96,1.21,6.36,4,184
2,3.8,3734,0.94,1.28,6.45,5,143
2,3.8,3837,0.96,1.21,6.36,5,180
2,3.8,3734,0.94,1.28,6.45,6,140
2,3.8,3837,0.96,1.21,6.36,6,177
2,3.8,3734,0.94,1.28,6.45,10,107
2,3.8,3837,0.96,1.21,6.36,10,150
2,3.8,3734,0.94,1.28,6.45,20,71
2,3.8,3837,0.96,1.21,6.36,20,117
2,3.8,3734,0.94,1.28,6.45,30,48
2,3.8,3837,0.96,1.21,6.36,30,92
2,3.8,351.43,1.07,7.89,10.33,1,145.1
2,3.8,287.32,1.19,7.11,8.8,1,196.7
2,3.8,351.43,1.07,7.89,10.33,2,139.7
2,3.8,287.32,1.19,7.11,8.8,2,190.3
2,3.8,351.43,1.07,7.89,10.33,3,135.3
2,3.8,287.32,1.19,7.11,8.8,3,183.9
2,3.8,351.43,1.07,7.89,10.33,5,128.6
2,3.8,287.32,1.19,7.11,8.8,5,175.5
2,3.8,351.43,1.07,7.89,10.33,10,117.3
2,3.8,287.32,1.19,7.11,8.8,10,163.1
2,3.5,1526,1.05,0.87,6.4,1,199
2,3.5,2705,1.09,0.62,8.75,1,116
2,3.5,2710,1.07,0.98,7.81,1,163
2,3.5,2807,1.15,0.87,5.99,1,218
2,3.5,3168,1.06,0.93,8.46,1,150
2,3.5,1526,1.05,0.87,6.4,2,188
2,3.5,2705,1.09,0.62,8.75,2,108
2,3.5,2710,1.07,0.98,7.81,2,146
2,3.5,2807,1.15,0.87,5.99,2,204
2,3.5,3168,1.06,0.93,8.46,2,131
2,3.5,1526,1.05,0.87,6.4,5,168
2,3.5,2705,1.09,0.62,8.75,5,88
2,3.5,2710,1.07,0.98,7.81,5,114
2,3.5,2807,1.15,0.87,5.99,5,191
2,3.5,3168,1.06,0.93,8.46,5,104
2,3.5,1526,1.05,0.87,6.4,10,150
2,3.5,2705,1.09,0.62,8.75,10,60
2,3.5,2710,1.07,0.98,7.81,10,86
2,3.5,2807,1.15,0.87,5.99,10,167
2,3.5,3168,1.06,0.93,8.46,10,84
2,3.5,1526,1.05,0.87,6.4,15,130
2,3.5,2705,1.09,0.62,8.75,15,41
2,3.5,2710,1.07,0.98,7.81,15,66
2,3.5,2807,1.15,0.87,5.99,15,153
2,3.5,3168,1.06,0.93,8.46,15,66
2,3.5,1526,1.05,0.87,6.4,20,120
2,3.5,2705,1.09,0.62,8.75,20,33
2,3.5,2710,1.07,0.98,7.81,20,52
2,3.5,2807,1.15,0.87,5.99,20,150
2,3.5,3168,1.06,0.93,8.46,20,51
2,3.5,1526,1.05,0.87,6.4,25,105
2,3.5,2705,1.09,0.62,8.75,25,17
2,3.5,2710,1.07,0.98,7.81,25,40
2,3.5,2807,1.15,0.87,5.99,25,132
2,3.5,3168,1.06,0.93,8.46,25,40
2,3.5,1526,1.05,0.87,6.4,30,91
2,3.5,2705,1.09,0.62,8.75,30,14
2,3.5,2710,1.07,0.98,7.81,30,34
2,3.5,2807,1.15,0.87,5.99,30,127
2,3.5,3168,1.06,0.93,8.46,30,30
2,3.5,1526,1.05,0.87,6.4,50,73
2,3.5,2807,1.15,0.87,5.99,50,113
2,3.5,1976,0.92,1,13.9,1,63
2,3.5,2791,1.01,2.1,13.1,1,160
3,1,3142,1.03,5,12.8,0.05,420
3,1,3142,1.03,5,12.8,0.25,353
3,1,3142,1.03,5,12.8,0.5,328.5
3,1,3142,1.03,5,12.8,1,320
3,1,3142,1.03,5,12.8,2,305
3,1,3142,1.03,5,12.8,4,283
3,1,3142,1.03,5,12.8,10,254
3,1,3142,1.03,5,12.8,20,241
2,3.5,3142,1.03,5,12.8,0.05,210
2,3.5,3142,1.03,5,12.8,0.1,183
2,3.5,3142,1.03,5,12.8,0.5,173
2,3.5,3142,1.03,5,12.8,1,171
2,3.5,3142,1.03,5,12.8,2,167
2,3.5,3142,1.03,5,12.8,4,166
2,3.5,3142,1.03,5,12.8,8,156
2,3.5,3142,1.03,5,12.8,10,153
2,3.5,3142,1.03,5,12.8,20,148
2,3.5,1958,1.05,6.1,12.5,1,117
3,1,1456,1.02,0,0,0.7,245
3,1,1456,1.02,0,0,1.5,221
3,1,1456,1.02,0,0,3,198
3,1,1456,1.02,0,0,5,188
3,1,1456,1.02,0,0,7,179
3,1,1456,1.02,0,0,10,173
3,1,1489,2.37,0,0,1,191
3,1,1684,1.46,0,0,1,140
2,1,1180,0.9,0,0,0.1,241
2,1,1180,0.9,0,0,0.5,220
2,1,1180,0.9,0,0,1,210
2,1,1180,0.9,0,0,3,195
2,1,1180,0.9,0,0,5,189
2,1,1180,0.9,0,0,10,180
3,1,446.3,1.04,8,6.4,0.2,385
3,1,392.9,1.1,16.8,2.3,0.2,476
3,1,358.6,1.1,15.9,1.6,0.2,449
3,1,446.3,1.04,8,6.4,0.5,365
3,1,358.6,1.1,15.9,1.6,0.5,422.4
3,1,446.3,1.04,8,6.4,1,315
3,1,392.9,1.1,16.8,2.3,1,444.3
3,1,358.6,1.1,15.9,1.6,1,403.8
3,1,446.3,1.04,8,6.4,3,282.6
3,1,392.9,1.1,16.8,2.3,3,418.5
3,1,358.6,1.1,15.9,1.6,3,380.5
3,1,446.3,1.04,8,6.4,5,273.9
3,1,392.9,1.1,16.8,2.3,5,404.1
3,1,358.6,1.1,15.9,1.6,5,366.1
3,1,446.3,1.04,8,6.4,10,254
3,1,392.9,1.1,16.8,2.3,10,376
3,1,358.6,1.1,15.9,1.6,10,332
2,3.5,20,1.02,0,0,0.001,35
2,3.5,247,0.83,0,0,0.001,40
2,0.9,1128.7,0.85,0.89,9.25,0.1,198.2
2,0.9,1358.2,0.87,0.08,8.11,0.1,217.2
2,0.9,1829.7,0.84,0.37,6.34,0.1,238.2
2,0.9,1128.7,0.85,0.89,9.25,1,169
2,0.9,1358.2,0.87,0.08,8.11,1,192.6
2,0.9,1829.7,0.84,0.37,6.34,1,203.4
2,0.9,1128.7,0.85,0.89,9.25,2,162.5
2,0.9,1358.2,0.87,0.08,8.11,2,186.1
2,0.9,1829.7,0.84,0.37,6.34,2,193.7
2,0.9,1128.7,0.85,0.89,9.25,5,150.8
2,0.9,1358.2,0.87,0.08,8.11,5,172.5
2,0.9,1829.7,0.84,0.37,6.34,5,178.1
2,0.9,1128.7,0.85,0.89,9.25,10,139.6
2,0.9,1358.2,0.87,0.08,8.11,10,154.5
2,0.9,1829.7,0.84,0.37,6.34,10,160.7
2,0.9,1128.7,0.85,0.89,9.25,15,124.4
2,0.9,1358.2,0.87,0.08,8.11,15,138.5
2,0.9,1829.7,0.84,0.37,6.34,15,144.7
2,0.9,1128.7,0.85,0.89,9.25,20,110.8
2,0.9,1358.2,0.87,0.08,8.11,20,123.2
2,0.9,1829.7,0.84,0.37,6.34,20,130.8
3,1,1417,1.01,1.99,10.13,1,190
3,1,1325,1.02,1.17,8.1,1,159
3,1,1684,1.008,1.15,4.43,1,224
3,1,1417,1.01,1.99,10.13,2,181
3,1,1325,1.02,1.17,8.1,2,152
3,1,1684,1.008,1.15,4.43,2,215
3,1,1417,1.01,1.99,10.13,4,175
3,1,1325,1.02,1.17,8.1,4,147
3,1,1684,1.008,1.15,4.43,4,210
3,1,1417,1.01,1.99,10.13,6,172
3,1,1325,1.02,1.17,8.1,6,145
3,1,1684,1.008,1.15,4.43,6,207
3,1,1417,1.01,1.99,10.13,8,169
3,1,1325,1.02,1.17,8.1,8,142
3,1,1684,1.008,1.15,4.43,8,207
3,1,1417,1.01,1.99,10.13,10,169
3,1,1325,1.02,1.17,8.1,10,139
3,1,1684,1.008,1.15,4.43,10,208
3,1,1417,1.01,1.99,10.13,15,165
3,1,1325,1.02,1.17,8.1,15,137
3,1,1684,1.008,1.15,4.43,15,206
3,1,1417,1.01,1.99,10.13,20,161
3,1,1325,1.02,1.17,8.1,20,135
3,1,1684,1.008,1.15,4.43,20,206
3,1,1415,0.88,3.47,12.7,0.5,289
3,1,170,0.8,5.89,8.63,0.5,96
3,1,306,0.76,5.89,8.63,0.5,137
3,1,654,0.67,5.89,8.63,0.5,243
3,1,1415,0.88,3.47,12.7,20,170
3,1,170,0.8,5.89,8.63,20,40
3,1,306,0.76,5.89,8.63,20,90
3,1,654,0.67,5.89,8.63,20,179
3,1,1415,0.88,3.47,12.7,1,250
3,1,654,0.67,5.89,8.63,1,214
3,1,1415,0.88,3.47,12.7,2,231
3,1,654,0.67,5.89,8.63,2,202
3,1,1415,0.88,3.47,12.7,4,219
3,1,654,0.67,5.89,8.63,4,192
3,1,1415,0.88,3.47,12.7,6,212
3,1,654,0.67,5.89,8.63,6,188
3,1,1415,0.88,3.47,12.7,8,207
3,1,654,0.67,5.89,8.63,8,185
3,1,1415,0.88,3.47,12.7,10,201
3,1,654,0.67,5.89,8.63,10,184
3,1,1415,0.88,3.47,12.7,30,149
3,1,654,0.67,5.89,8.63,30,171
2,1,654,0.67,5.89,8.63,0.5,158
2,1,654,0.67,5.89,8.63,1,143.7
2,1,654,0.67,5.89,8.63,2,133.3
2,1,654,0.67,5.89,8.63,4,128.5
2,1,654,0.67,5.89,8.63,6,126
2,1,654,0.67,5.89,8.63,8,124
2,1,654,0.67,5.89,8.63,10,122
2,1,654,0.67,5.89,8.63,20,115
2,1,654,0.67,5.89,8.63,30,107.5
2,3,178,1.69,0,0,0.1,58
2,3,1288,1.69,0,0,0.1,100
2,3,2034,1.93,0,0,0.1,151.7
2,3,178,1.69,0,0,0.2,45.2
2,3,1288,1.69,0,0,0.2,76.1
2,3,2034,1.93,0,0,0.2,136.3
2,3,178,1.69,0,0,0.3,34.6
2,3,1288,1.69,0,0,0.3,59.4
2,3,2034,1.93,0,0,0.3,119.9
2,3,178,1.69,0,0,0.4,25.8
2,3,1288,1.69,0,0,0.4,40.9
2,3,2034,1.93,0,0,0.4,103.1
2,3,178,1.69,0,0,0.5,17.5
2,3,1288,1.69,0,0,0.5,25.1
2,3,2034,1.93,0,0,0.5,87.3
3,0.8,1079,1.22,4.14,22.87,0.5,324
3,0.8,1079,1.22,4.14,22.87,4,176
3,0.8,1079,1.22,4.14,22.87,0.3,101
3,0.8,1079,1.22,4.14,22.87,0.2,104
3,1,441.83,1.098,6.8,25.79,1,234.1
3,1,283.83,1.083,7.19,22.54,1,190.2
3,1,251.3,1.024,9.48,15.05,1,147.7
3,1,19.72,1.067,18.7,3.57,1,117.7
3,1,441.83,1.098,6.8,25.79,2,212.1
3,1,283.83,1.083,7.19,22.54,2,172.5
3,1,251.3,1.024,9.48,15.05,2,130.2
3,1,19.72,1.067,18.7,3.57,2,102.5
3,1,441.83,1.098,6.8,25.79,5,196.4
3,1,283.83,1.083,7.19,22.54,5,155.2
3,1,251.3,1.024,9.48,15.05,5,120.4
3,1,19.72,1.067,18.7,3.57,5,74.9
3,1,441.83,1.098,6.8,25.79,10,176.3
3,1,283.83,1.083,7.19,22.54,10,146.5
3,1,251.3,1.024,9.48,15.05,10,109
3,1,19.72,1.067,18.7,3.57,10,59.7
3,1,441.83,1.098,6.8,25.79,20,166
3,1,283.83,1.083,7.19,22.54,20,138.9
3,1,251.3,1.024,9.48,15.05,20,100.9
3,1,19.72,1.067,18.7,3.57,20,55.3
3,1,441.83,1.098,6.8,25.79,30,163.3
3,1,283.83,1.083,7.19,22.54,30,134
3,1,251.3,1.024,9.48,15.05,30,97.1
3,1,19.72,1.067,18.7,3.57,30,51.5
3,1,441.83,1.098,6.8,25.79,50,154.1
3,1,283.83,1.083,7.19,22.54,50,126.9
3,1,251.3,1.024,9.48,15.05,50,95.5
3,1,19.72,1.067,18.7,3.57,50,46.1
3,1,441.83,1.098,6.8,25.79,70,149.1
3,1,283.83,1.083,7.19,22.54,70,121.7
3,1,251.3,1.024,9.48,15.05,70,92.6
3,1,19.72,1.067,18.7,3.57,70,39.2
3,1,1175.46,1.472,2.93,5.39,1,210.5
3,1,1420.17,1.51,2.84,6.36,1,183.3
3,1,1163.31,1.568,3.3,6.69,1,175.3
3,1,15.13,1.286,3.55,14.69,1,65.2
3,1,14.38,1.32,3.63,14.18,1,82.8
3,1,16.53,1.279,3.78,14.16,1,63.2
3,1,1175.46,1.472,2.93,5.39,10,151
3,1,1127,0.98,0,9.14,0.5,187
3,1,988,0.98,0,4.61,0.5,200
3,1,1210,1,0,4.38,0.5,247
3,1,1127,0.98,0,9.14,0.5,196
3,1,988,0.98,0,4.61,0.5,238
3,1,1210,1,0,4.38,0.5,294
3,1,1127,0.98,0,9.14,1,171
3,1,988,0.98,0,4.61,1,182
3,1,1210,1,0,4.38,1,222
3,1,1127,0.98,0,9.14,1,168
3,1,988,0.98,0,4.61,1,187
3,1,1210,1,0,4.38,1,235
3,1,1127,0.98,0,9.14,2,160
3,1,988,0.98,0,4.61,2,168
3,1,1210,1,0,4.38,2,203
3,1,1127,0.98,0,9.14,2,155
3,1,988,0.98,0,4.61,2,170
3,1,1210,1,0,4.38,2,217
3,1,1127,0.98,0,9.14,5,145
3,1,988,0.98,0,4.61,5,153
3,1,1210,1,0,4.38,5,184
3,1,1127,0.98,0,9.14,5,142
3,1,988,0.98,0,4.61,5,154
3,1,1210,1,0,4.38,5,199
3,1,1127,0.98,0,9.14,10,134
3,1,988,0.98,0,4.61,10,140
3,1,1210,1,0,4.38,10,110
3,1,1127,0.98,0,9.14,10,134
3,1,988,0.98,0,4.61,10,142
3,1,1210,1,0,4.38,10,184
3,1,1127,0.98,0,9.14,20,119
3,1,988,0.98,0,4.61,20,125
3,1,1210,1,0,4.38,20,95
3,1,1127,0.98,0,9.14,20,125
3,1,988,0.98,0,4.61,20,131
3,1,1210,1,0,4.38,20,170
3,1,45,2.17,0,14.9,0.4,125
3,1,45,2.17,0,14.9,0.5,111
3,1,45,2.17,0,14.9,0.6,105
3,1,45,2.17,0,14.9,1,98
3,1,45,2.17,0,14.9,1.8,69
3,1,1011,1,0,17.9,0.4,156.8
3,1,603.5,1,0,15.9,1,56.8
3,1,1011,1,0,17.9,1,125.9
3,1,1011,1,0,17.9,0.6,142
3,1,1011,1,0,17.9,0.8,133
3,1,1011,1,0,17.9,2,108.6
3,1,1011,1,0,17.9,4,93
3,1,1011,1,0,17.9,6,84
3,1,1011,1,0,17.9,8,77.5
3,1,1011,1,0,17.9,10,72.5
3,1,1011,1,0,17.9,20,55.9
3,1,1011,1,0,17.9,12,67.7
3,1,1011,1,0,17.9,14,64.6
3,1,1011,1,0,17.9,16,61.3
3,1,1011,1,0,17.9,18,58.3
2,1,556,1,0,10.8,1,324
3,1,556,1,0,10.8,1,527
3,1,556,1,0,10.8,2,489
3,1,556,1,0,10.8,3,435
3,1,556,1,0,10.8,4,392
3,1,556,1,0,10.8,5,332
2,1,556,1,0,10.8,2,222
2,1,556,1,0,10.8,3,166
2,1,556,1,0,10.8,4,149
2,1,556,1,0,10.8,5,134
3,0.8,400,0.99,0,8.7,0.5,13
3,0.8,1300,1.22,0,16.3,0.5,54
3,0.8,2700,1.08,0,7.9,0.5,110
3,0.8,400,0.99,0,8.7,1,11
3,0.8,1300,1.22,0,16.3,1,50.5
3,0.8,2700,1.08,0,7.9,1,106
3,0.8,400,0.99,0,8.7,2,9.4
3,0.8,1300,1.22,0,16.3,2,49
3,0.8,2700,1.08,0,7.9,2,103
3,0.8,400,0.99,0,8.7,3,9
3,0.8,1300,1.22,0,16.3,3,48
3,0.8,2700,1.08,0,7.9,3,100
3,0.8,400,0.99,0,8.7,5,7
3,0.8,1300,1.22,0,16.3,5,46
3,0.8,2700,1.08,0,7.9,5,97
3,0.8,400,0.99,0,8.7,7,6
3,0.8,1300,1.22,0,16.3,7,45
3,0.8,2700,1.08,0,7.9,7,94
3,0.8,400,0.99,0,8.7,10,5
3,0.8,1300,1.22,0,16.3,10,42
3,0.8,2700,1.08,0,7.9,10,90
3,0.8,1180,3.12,0,14.7,1,122
3,0.8,1709,2.6,0,12.2,1,154
3,0.8,1215,3.37,0,7.9,1,223
3,0.8,1180,3.12,0,14.7,2,106
3,0.8,1709,2.6,0,12.2,2,141
3,0.8,1215,3.37,0,7.9,2,183
3,0.8,1180,3.12,0,14.7,3,98.8
3,0.8,1709,2.6,0,12.2,3,136
3,0.8,1215,3.37,0,7.9,3,165
3,0.8,1180,3.12,0,14.7,4,93
3,0.8,1709,2.6,0,12.2,4,131
3,0.8,1215,3.37,0,7.9,4,155
3,0.8,1180,3.12,0,14.7,5,90
3,0.8,1709,2.6,0,12.2,5,125
3,0.8,1215,3.37,0,7.9,5,148
3,0.8,1180,3.12,0,14.7,10,78
3,0.8,1709,2.6,0,12.2,10,111
3,0.8,1215,3.37,0,7.9,10,131
2,1.6,1215,3.37,0,7.9,0.5,54.8
2,1.6,1215,3.37,0,7.9,1,49.4
2,1.6,1215,3.37,0,7.9,2,45.3
2,1.6,1215,3.37,0,7.9,3,43.4
2,1.6,1215,3.37,0,7.9,4,42
2,1.6,1215,3.37,0,7.9,5,40.9
2,1.6,1215,3.37,0,7.9,10,37.4
2,1,1366,3.83,0,14.47,0.5,270
2,1,1648,4.16,0,11.37,0.5,278
2,1,2890,4.46,0,8.21,0.5,417
2,1,1230,4.45,0,16.95,0.5,250
2,1,1018,4.65,0,19.55,0.5,270
2,1,1315,3.4,2.71,10.24,0.5,345
2,1,1589,3.57,2.17,8.88,0.5,370
2,1,2754,3.68,1.38,6.64,0.5,417
2,1,1180,3.78,4.4,9.21,0.5,322
2,1,1002,4.1,5.32,10.38,0.5,313
3,1,1444,1.05,0,5.16,1,379
3,1,1948,0.91,0,13.96,1,433
3,1,1444,1.05,0,5.16,100,338
3,1,1948,0.91,0,13.96,100,363
3,1,1444,1.05,0,5.16,1.5,368
3,1,1444,1.05,0,5.16,5,362
3,1,1444,1.05,0,5.16,10,357
3,1,1444,1.05,0,5.16,20,358
3,1,1444,1.05,0,5.16,50,342
2,2.7,1502,1.8,0.61,13.74,1,94
2,2.7,1502,1.8,0.61,13.74,2.5,87
2,2.7,1502,1.8,0.61,13.74,5,79
2,2.7,1502,1.8,0.61,13.74,7.5,69
2,2.7,1502,1.8,0.61,13.74,10,60
2,3.2,1502,1.8,0.61,13.74,1,83
2,3.2,1502,1.8,0.61,13.74,2.5,75
2,3.2,1502,1.8,0.61,13.74,5,63
2,3.2,1502,1.8,0.61,13.74,7.5,54
2,3.2,1502,1.8,0.61,13.74,10,46
2,2.7,2511,1.72,0.84,9.74,1,123
2,2.7,2511,1.72,0.84,9.74,2.5,118
2,2.7,2511,1.72,0.84,9.74,5,111
2,2.7,2511,1.72,0.84,9.74,7.5,104
2,2.7,2511,1.72,0.84,9.74,10,96
2,3.2,2511,1.72,0.84,9.74,1,119
2,3.2,2511,1.72,0.84,9.74,2.5,115
2,3.2,2511,1.72,0.84,9.74,5,108
2,3.2,2511,1.72,0.84,9.74,7.5,102
2,3.2,2511,1.72,0.84,9.74,10,95
2,3.5,2511,1.72,0.84,9.74,1,129
2,3.5,2511,1.72,0.84,9.74,2.5,120
2,3.5,2511,1.72,0.84,9.74,5,109
2,3.5,2511,1.72,0.84,9.74,7.5,97
2,3.5,2511,1.72,0.84,9.74,10,88
3,1,200,0.996,0.57,6.43,0.5,196
3,1,200,0.996,0.57,6.43,1,172
3,1,200,0.996,0.57,6.43,2,158
3,1,200,0.996,0.57,6.43,5,140
3,1,200,0.996,0.57,6.43,10,128
3,1,200,0.996,0.57,6.43,20,113
3,1,1412,0.978,0.49,9.52,0.5,290
3,1,1412,0.978,0.49,9.52,1,252
3,1,1412,0.978,0.49,9.52,2,231
3,1,1412,0.978,0.49,9.52,5,192
3,1,1412,0.978,0.49,9.52,10,179
3,1,1412,0.978,0.49,9.52,20,170
3,1,53,0.979,5.84,7.09,0.5,268
3,1,53,0.979,5.84,7.09,1,238
3,1,53,0.979,5.84,7.09,2,207
3,1,53,0.979,5.84,7.09,5,180
3,1,53,0.979,5.84,7.09,10,168
3,1,53,0.979,5.84,7.09,20,159
3,1,3282,1.009,1.76,6.34,0.5,319
3,1,3282,1.009,1.76,6.34,1,300
3,1,3282,1.009,1.76,6.34,2,284
3,1,3282,1.009,1.76,6.34,5,257
3,1,3282,1.009,1.76,6.34,10,234
3,1,3282,1.009,1.76,6.34,20,224
2,3.2,2266.433,1.173,0,3.78,0.5,39.17
2,3.2,2266.433,1.173,0,3.78,10,34.4
2,3.2,2266.433,1.173,0,3.78,1,38.05
2,3.2,2266.433,1.173,0,3.78,2,37.3
2,3.2,2266.433,1.173,0,3.78,6,35.7
2,3.2,2266.433,1.173,0,3.78,4,36.6
2,3.2,2266.433,1.173,0,3.78,8,34.6
3,1,732,0.98,2.1,5.2,1,442
2,1,732,0.98,2.1,5.2,1,102
2,1,732,0.98,2.1,5.2,20,80.07
3,1,732,0.98,2.1,5.2,25,333.71
3,1,732,0.98,2.1,5.2,30,320
3,1,430,0.93,2.2,4.1,0.5,160
3,1,457,0.97,3.1,6.2,0.5,254
3,1,450,0.992,3.4,7.2,0.5,285
3,1,493,1.006,3.2,7.6,0.5,131
3,1,430,0.93,2.2,4.1,1,155
3,1,457,0.97,3.1,6.2,1,244
3,1,450,0.992,3.4,7.2,1,274
3,1,493,1.006,3.2,7.6,1,119
3,1,430,0.93,2.2,4.1,2,140
3,1,457,0.97,3.1,6.2,2,233
3,1,450,0.992,3.4,7.2,2,268
3,1,493,1.006,3.2,7.6,2,114
3,1,430,0.93,2.2,4.1,3,132
3,1,457,0.97,3.1,6.2,3,229
3,1,450,0.992,3.4,7.2,3,257.5
3,1,493,1.006,3.2,7.6,3,111
3,1,430,0.93,2.2,4.1,4,129
3,1,457,0.97,3.1,6.2,4,224
3,1,450,0.992,3.4,7.2,4,249
3,1,493,1.006,3.2,7.6,4,105
3,1,430,0.93,2.2,4.1,5,125
3,1,457,0.97,3.1,6.2,5,221
3,1,450,0.992,3.4,7.2,5,241
3,1,493,1.006,3.2,7.6,5,99.7
3,1,430,0.93,2.2,4.1,10,120
3,1,457,0.97,3.1,6.2,10,215
3,1,450,0.992,3.4,7.2,10,224
3,1,493,1.006,3.2,7.6,10,97
2,1.4,450,0.992,3.4,7.2,1,99
2,1.4,450,0.992,3.4,7.2,2,91
2,1.4,450,0.992,3.4,7.2,5,78
2,1.4,450,0.992,3.4,7.2,10,71.3
3,0.5,2111,1,0,9,10,254
3,0.9,33,1.01,7.39,3.37,1,133
3,0.9,1283,1.15,9.71,4.06,1,433
3,0.9,802,1.07,10.09,6.38,1,400
3,0.9,795,1.06,9.06,5.91,1,418
3,0.9,33,1.01,7.39,3.37,2,110.6
3,0.9,1283,1.15,9.71,4.06,2,351
3,0.9,802,1.07,10.09,6.38,2,358
3,0.9,795,1.06,9.06,5.91,2,370
3,0.9,33,1.01,7.39,3.37,5,89
3,0.9,1283,1.15,9.71,4.06,5,299
3,0.9,802,1.07,10.09,6.38,5,313
3,0.9,795,1.06,9.06,5.91,5,313
3,0.9,33,1.01,7.39,3.37,10,70
3,0.9,1283,1.15,9.71,4.06,10,291
3,0.9,802,1.07,10.09,6.38,10,244
3,0.9,795,1.06,9.06,5.91,10,253
3,0.9,33,1.01,7.39,3.37,20,50
3,0.9,1283,1.15,9.71,4.06,20,266
3,0.9,802,1.07,10.09,6.38,20,168
3,0.9,795,1.06,9.06,5.91,20,160
3,0.9,33,1.01,7.39,3.37,50,34.5
3,0.9,1283,1.15,9.71,4.06,50,248
3,0.9,802,1.07,10.09,6.38,50,102
3,0.9,795,1.06,9.06,5.91,50,90
2,1,1283,1.15,9.71,4.06,0.5,210
2,1,1283,1.15,9.71,4.06,1,200
2,1,1283,1.15,9.71,4.06,2,186
2,1,1283,1.15,9.71,4.06,5,166
2,1,1283,1.15,9.71,4.06,10,140
2,1,1283,1.15,9.71,4.06,15,114
2,1,1283,1.15,9.71,4.06,20,96
3,1,1243.5,1.04,1.62,13.07,0.5,180
3,1,2988.9,0.98,1.32,10.83,0.5,317.3
3,1,3291.5,0.93,1.19,8.12,0.5,203
3,1,1243.5,1.04,1.62,13.07,1,170
3,1,2988.9,0.98,1.32,10.83,1,249.6
3,1,3291.5,0.93,1.19,8.12,1,183
3,1,1243.5,1.04,1.62,13.07,2,158
3,1,2988.9,0.98,1.32,10.83,2,233.5
3,1,3291.5,0.93,1.19,8.12,2,172
3,1,1243.5,1.04,1.62,13.07,4,142
3,1,2988.9,0.98,1.32,10.83,4,210.72
3,1,3291.5,0.93,1.19,8.12,4,155
3,1,1243.5,1.04,1.62,13.07,6,130
3,1,2988.9,0.98,1.32,10.83,6,196.6
3,1,3291.5,0.93,1.19,8.12,6,145
3,1,1243.5,1.04,1.62,13.07,8,117
3,1,2988.9,0.98,1.32,10.83,8,186
3,1,3291.5,0.93,1.19,8.12,8,133
3,1,1243.5,1.04,1.62,13.07,10,105
3,1,2988.9,0.98,1.32,10.83,10,177.6
3,1,3291.5,0.93,1.19,8.12,10,126
3,1,1243.5,1.04,1.62,13.07,15,82
3,1,2988.9,0.98,1.32,10.83,15,155.9
3,1,3291.5,0.93,1.19,8.12,15,110
3,1,952.2,0.93,0,3.17,0.2,192
3,1,431.1,1.16,14.09,6.67,0.2,354
3,1,547.2,1.08,7.86,8.39,0.2,320
3,1,664.6,1.06,5.28,9.2,0.2,257
3,1,952.2,0.93,0,3.17,0.5,152
3,1,431.1,1.16,14.09,6.67,0.5,303
3,1,547.2,1.08,7.86,8.39,0.5,294
3,1,664.6,1.06,5.28,9.2,0.5,238
3,1,952.2,0.93,0,3.17,1,146
3,1,431.1,1.16,14.09,6.67,1,272
3,1,547.2,1.08,7.86,8.39,1,239
3,1,664.6,1.06,5.28,9.2,1,209
3,1,952.2,0.93,0,3.17,2,136
3,1,431.1,1.16,14.09,6.67,2,260
3,1,547.2,1.08,7.86,8.39,2,209
3,1,664.6,1.06,5.28,9.2,2,168
3,1,952.2,0.93,0,3.17,5,124
3,1,431.1,1.16,14.09,6.67,5,242
3,1,547.2,1.08,7.86,8.39,5,189
3,1,664.6,1.06,5.28,9.2,5,152
3,1,952.2,0.93,0,3.17,10,119
3,1,431.1,1.16,14.09,6.67,10,236
3,1,547.2,1.08,7.86,8.39,10,184
3,1,664.6,1.06,5.28,9.2,10,140
3,1,952.2,0.93,0,3.17,20,107
3,1,431.1,1.16,14.09,6.67,20,225
3,1,547.2,1.08,7.86,8.39,20,181
3,1,664.6,1.06,5.28,9.2,20,138
3,1.2,1633,1.04,1.4,22.2,0.2,237
3,1.2,1633,1.04,1.4,22.2,0.5,191
3,1.2,1633,1.04,1.4,22.2,1,165
3,1.2,1633,1.04,1.4,22.2,2,163
3,1.2,1633,1.04,1.4,22.2,5,163
3,1.3,236.42,0.97,3.73,18.43,0.5,125
3,1.3,624.31,1.01,5.42,25.71,0.5,172
3,1.3,950.31,1,4.64,27.66,0.5,263
3,1.3,236.42,0.97,3.73,18.43,1,116
3,1.3,624.31,1.01,5.42,25.71,1,164
3,1.3,950.31,1,4.64,27.66,1,245
3,1.3,236.42,0.97,3.73,18.43,2,112
3,1.3,624.31,1.01,5.42,25.71,2,167
3,1.3,950.31,1,4.64,27.66,2,228
3,1.3,236.42,0.97,3.73,18.43,5,97
3,1.3,624.31,1.01,5.42,25.71,5,137
3,1.3,950.31,1,4.64,27.66,5,215
3,1.3,236.42,0.97,3.73,18.43,8,78
3,1.3,624.31,1.01,5.42,25.71,8,126
3,1.3,950.31,1,4.64,27.66,8,178
3,1.3,236.42,0.97,3.73,18.43,10,76
3,1.3,624.31,1.01,5.42,25.71,10,119
3,1.3,950.31,1,4.64,27.66,10,140
2,1.5,950.31,1,4.64,27.66,0.5,52.1
2,2.3,950.31,1,4.64,27.66,0.5,38.5
2,1.5,950.31,1,4.64,27.66,1,49.5
2,2.3,950.31,1,4.64,27.66,1,38.4
2,1.5,950.31,1,4.64,27.66,5,46.2
2,2.3,950.31,1,4.64,27.66,5,34.7
3,1.2,1047,0.96,4.78,17.72,1,324
3,1.2,1047,0.96,4.78,17.72,2,295
3,1.2,1047,0.96,4.78,17.72,3,268
3,1.2,1047,0.96,4.78,17.72,4,253
3,1.2,1047,0.96,4.78,17.72,5,238
3,1.2,1047,0.96,4.78,17.72,6,220
3,1.2,1047,0.96,4.78,17.72,7,204
3,1.2,1047,0.96,4.78,17.72,8,200
3,1.2,1047,0.96,4.78,17.72,9,188
3,1.2,1047,0.96,4.78,17.72,10,175
3,2,1047,0.96,4.78,17.72,1,288
3,2,1047,0.96,4.78,17.72,2,216
3,2,1047,0.96,4.78,17.72,3,185
3,2,1047,0.96,4.78,17.72,4,164
3,2,1047,0.96,4.78,17.72,5,150
3,2,1047,0.96,4.78,17.72,6,141
3,2,1047,0.96,4.78,17.72,7,137
3,2,1047,0.96,4.78,17.72,8,128
3,2,1047,0.96,4.78,17.72,9,126
3,2,1047,0.96,4.78,17.72,10,120
3,1,335.9,1.03,3.1,11.6,0.2,134.9
3,1,548.8,1.029,2.7,11.4,0.2,150.4
3,1,1053.8,1.055,2.2,11.8,0.2,126.3
3,1,1464,1.139,1.8,10.5,0.2,153.6
3,1,335.9,1.03,3.1,11.6,0.5,126.6
3,1,548.8,1.029,2.7,11.4,0.5,151
3,1,1053.8,1.055,2.2,11.8,0.5,125
3,1,1464,1.139,1.8,10.5,0.5,151.6
3,1,335.9,1.03,3.1,11.6,1,117
3,1,548.8,1.029,2.7,11.4,1,150
3,1,1053.8,1.055,2.2,11.8,1,124
3,1,1464,1.139,1.8,10.5,1,148
3,1,335.9,1.03,3.1,11.6,2,106
3,1,548.8,1.029,2.7,11.4,2,149
3,1,1053.8,1.055,2.2,11.8,2,121.6
3,1,1464,1.139,1.8,10.5,2,143
3,1,335.9,1.03,3.1,11.6,5,99.2
3,1,548.8,1.029,2.7,11.4,5,142
3,1,1053.8,1.055,2.2,11.8,5,117
3,1,1464,1.139,1.8,10.5,5,135
3,1,335.9,1.03,3.1,11.6,10,87.7
3,1,548.8,1.029,2.7,11.4,10,134
3,1,1053.8,1.055,2.2,11.8,10,112
3,1,1464,1.139,1.8,10.5,10,126
2,1,335.9,1.03,3.1,11.6,0.2,107
2,1,548.8,1.029,2.7,11.4,0.2,152
2,1,1053.8,1.055,2.2,11.8,0.2,116
2,1,1464,1.139,1.8,10.5,0.2,139
2,1,335.9,1.03,3.1,11.6,0.5,86
2,1,548.8,1.029,2.7,11.4,0.5,141
2,1,1053.8,1.055,2.2,11.8,0.5,108
2,1,1464,1.139,1.8,10.5,0.5,134
2,1,335.9,1.03,3.1,11.6,1,73
2,1,548.8,1.029,2.7,11.4,1,127
2,1,1053.8,1.055,2.2,11.8,1,103
2,1,1464,1.139,1.8,10.5,1,122
2,1,335.9,1.03,3.1,11.6,2,60
2,1,548.8,1.029,2.7,11.4,2,120
2,1,1053.8,1.055,2.2,11.8,2,97
2,1,1464,1.139,1.8,10.5,2,117
2,1,335.9,1.03,3.1,11.6,5,42
2,1,548.8,1.029,2.7,11.4,5,105
2,1,1053.8,1.055,2.2,11.8,5,85
2,1,1464,1.139,1.8,10.5,5,110
2,1,335.9,1.03,3.1,11.6,10,28
2,1,548.8,1.029,2.7,11.4,10,89
2,1,1053.8,1.055,2.2,11.8,10,73.4
2,1,1464,1.139,1.8,10.5,10,106
2,1.6,548.8,1.029,2.7,11.4,0.2,69
2,1.6,1053.8,1.055,2.2,11.8,0.2,127
2,1.6,1464,1.139,1.8,10.5,0.2,124
2,1.6,548.8,1.029,2.7,11.4,0.5,59.6
2,1.6,1053.8,1.055,2.2,11.8,0.5,115.6
2,1.6,1464,1.139,1.8,10.5,0.5,110.4
2,1.6,548.8,1.029,2.7,11.4,1,50.7
2,1.6,1053.8,1.055,2.2,11.8,1,109.5
2,1.6,1464,1.139,1.8,10.5,1,102.6
2,1.6,548.8,1.029,2.7,11.4,2,40
2,1.6,1053.8,1.055,2.2,11.8,2,100
2,1.6,1464,1.139,1.8,10.5,2,95
2,1.6,548.8,1.029,2.7,11.4,5,29.6
2,1.6,1053.8,1.055,2.2,11.8,5,75.5
2,1.6,1464,1.139,1.8,10.5,5,82.6
2,1.6,548.8,1.029,2.7,11.4,10,17
2,1.6,1053.8,1.055,2.2,11.8,10,48.5
2,1.6,1464,1.139,1.8,10.5,10,63.7
3,1,19.72,1.067,18.7,3.57,1,117.7
3,1,251.3,1.024,9.48,15.05,1,147.7
3,1,283.83,1.083,7.19,22.54,1,190.2
3,1,441.83,1.098,6.8,25.79,1,234.1
3,1,19.72,1.067,18.7,3.57,70,39.2
3,1,251.3,1.024,9.48,15.05,70,92.6
3,1,283.83,1.083,7.19,22.54,70,121.7
3,1,441.83,1.098,6.8,25.79,70,149.1
3,1,19.72,1.067,18.7,3.57,2,102
3,1,251.3,1.024,9.48,15.05,2,129.6
3,1,283.83,1.083,7.19,22.54,2,173
3,1,441.83,1.098,6.8,25.79,2,211.1
3,1,19.72,1.067,18.7,3.57,5,74.6
3,1,251.3,1.024,9.48,15.05,5,120.1
3,1,283.83,1.083,7.19,22.54,5,154.5
3,1,441.83,1.098,6.8,25.79,5,195.8
3,1,19.72,1.067,18.7,3.57,10,59.8
3,1,251.3,1.024,9.48,15.05,10,108.5
3,1,283.83,1.083,7.19,22.54,10,146
3,1,441.83,1.098,6.8,25.79,10,175.7
3,1,19.72,1.067,18.7,3.57,20,54.5
3,1,251.3,1.024,9.48,15.05,20,100.5
3,1,283.83,1.083,7.19,22.54,20,139.2
3,1,441.83,1.098,6.8,25.79,20,166
3,1,19.72,1.067,18.7,3.57,30,51.3
3,1,251.3,1.024,9.48,15.05,30,96.3
3,1,283.83,1.083,7.19,22.54,30,133.3
3,1,441.83,1.098,6.8,25.79,30,162.4
3,1,19.72,1.067,18.7,3.57,50,46
3,1,251.3,1.024,9.48,15.05,50,95.2
3,1,283.83,1.083,7.19,22.54,50,127
3,1,441.83,1.098,6.8,25.79,50,153
2,1,441.83,1.098,6.8,25.79,50,151.6
2,1,441.83,1.098,6.8,25.79,30,164.8
2,1,441.83,1.098,6.8,25.79,20,173.6
2,1,441.83,1.098,6.8,25.79,10,187.6
2,1,441.83,1.098,6.8,25.79,5,199.2
2,1,441.83,1.098,6.8,25.79,2,212
2,1,441.83,1.098,6.8,25.79,1,224
3,1,15.13,1.286,3.55,14.69,1,65.2
3,1,14.38,1.32,3.63,14.18,1,82.8
3,1,16.53,1.279,3.78,14.16,1,63.2
3,1,1175.46,1.472,2.93,5.39,1,210.5
3,1,1175.46,1.472,2.93,5.39,10,151
3,1,1386,1.07,0,8.4,1,181
3,1,568,1.04,0,9.3,1,244
3,1,713,1.02,0,11.2,1,329
3,1,930,0.93,0,11.4,1,375
3,1,865,0.87,0,9.2,1,310
3,1,1386,1.07,0,8.4,20,137.9
3,1,568,1.04,0,9.3,20,185.9
3,1,713,1.02,0,11.2,20,256
3,1,930,0.93,0,11.4,20,304
3,1,865,0.87,0,9.2,20,255.8
3,1,1386,1.07,0,8.4,2,166
3,1,568,1.04,0,9.3,2,222
3,1,713,1.02,0,11.2,2,302
3,1,930,0.93,0,11.4,2,346
3,1,865,0.87,0,9.2,2,292
3,1,1386,1.07,0,8.4,5,153.6
3,1,568,1.04,0,9.3,5,208
3,1,713,1.02,0,11.2,5,282
3,1,930,0.93,0,11.4,5,328
3,1,865,0.87,0,9.2,5,274.5
3,1,1386,1.07,0,8.4,7,149
3,1,568,1.04,0,9.3,7,202
3,1,713,1.02,0,11.2,7,274.5
3,1,930,0.93,0,11.4,7,320
3,1,865,0.87,0,9.2,7,269
3,1,1386,1.07,0,8.4,10,146
3,1,568,1.04,0,9.3,10,196
3,1,713,1.02,0,11.2,10,269
3,1,930,0.93,0,11.4,10,315
3,1,865,0.87,0,9.2,10,264
3,1,6.8,1.027,8.01,0,0.5,96.85
3,1,158.1,0.714,6.91,0,0.5,167.55
3,1,636.1,1.102,9.83,0,0.5,253
3,1,6.8,1.027,8.01,0,1,79.6
3,1,158.1,0.714,6.91,0,1,150.8
3,1,636.1,1.102,9.83,0,1,222.5
3,1,6.8,1.027,8.01,0,2,64.6
3,1,158.1,0.714,6.91,0,2,134.5
3,1,636.1,1.102,9.83,0,2,182.4
3,1,6.8,1.027,8.01,0,5,37.3
3,1,158.1,0.714,6.91,0,5,84.5
3,1,636.1,1.102,9.83,0,5,99.6
3,1,6.8,1.027,8.01,0,10,18.4
3,1,158.1,0.714,6.91,0,10,47.4
3,1,636.1,1.102,9.83,0,10,66.2
3,1,160,2.23,8.6,3.4,1,128.5
3,1,192,1.96,4.8,12.6,1,191.2
3,1,160,2.23,8.6,3.4,5,91.1
3,1,34,2.18,8.6,4.8,5,150
3,1,218,1.98,10.7,5.5,5,163.5
3,1,192,1.96,4.8,12.6,5,169.8
3,1,70,1.92,7.2,19.3,5,158
3,1,160,2.23,8.6,3.4,10,70.4
3,1,34,2.18,8.6,4.8,10,137
3,1,218,1.98,10.7,5.5,10,149
3,1,192,1.96,4.8,12.6,10,159
3,1,70,1.92,7.2,19.3,10,145
3,1,160,2.23,8.6,3.4,20,51.4
3,1,34,2.18,8.6,4.8,20,122
3,1,218,1.98,10.7,5.5,20,136
3,1,192,1.96,4.8,12.6,20,147.1
3,1,70,1.92,7.2,19.3,20,129
3,1,160,2.23,8.6,3.4,50,24.3
3,1,34,2.18,8.6,4.8,50,90
3,1,218,1.98,10.7,5.5,50,100
3,1,192,1.96,4.8,12.6,50,114
3,1,70,1.92,7.2,19.3,50,90
3,1,34,2.18,8.6,4.8,100,57
3,1,218,1.98,10.7,5.5,100,61
3,1,192,1.96,4.8,12.6,100,70
3,1,70,1.92,7.2,19.3,100,53
2,2.4,3526,0.94,0,7.3,0.1,51.3
2,2.4,4100.9,0.94,0,5.4,0.1,34.9
2,2.7,3526,0.94,0,7.3,0.1,41.3
2,2.7,4100.9,0.94,0,5.4,0.1,29.5
2,2.4,3526,0.94,0,7.3,1,45.6
2,2.4,4100.9,0.94,0,5.4,0.9,33.9
2,2.7,3526,0.94,0,7.3,1,32.4
2,2.7,4100.9,0.94,0,5.4,2.7,25.8
2,2.4,3526,0.94,0,7.3,2,41.4
2,2.4,4100.9,0.94,0,5.4,2.5,32.4
2,2.7,3526,0.94,0,7.3,2.4,20.3
2,2.7,4100.9,0.94,0,5.4,4.7,23.7
2,2.4,3526,0.94,0,7.3,4.5,34.1
2,2.4,4100.9,0.94,0,5.4,3.4,31.8
2,2.7,3526,0.94,0,7.3,4.8,8.9
2,2.7,4100.9,0.94,0,5.4,6.7,22.6
2,2.4,3526,0.94,0,7.3,6,30.3
2,2.4,4100.9,0.94,0,5.4,6,30.8
2,2.7,3526,0.94,0,7.3,7.2,4.7
2,2.7,4100.9,0.94,0,5.4,10,18.1
2,2.4,3526,0.94,0,7.3,9,22.1
2,2.4,4100.9,0.94,0,5.4,12.5,29.1
2,2.7,3526,0.94,0,7.3,9.6,2.7
2,2.7,4100.9,0.94,0,5.4,13.6,16.7
3,1,1664.19,0.92,1.08,11.24,1,442
3,1,1853.53,0.89,0.28,14,1,396
3,1,1664.19,0.92,1.08,11.24,20,339.2
3,1,1853.53,0.89,0.28,14,20,276.4
3,1,1664.19,0.92,1.08,11.24,2,409
3,1,1853.53,0.89,0.28,14,2,341
3,1,1664.19,0.92,1.08,11.24,5,369
3,1,1853.53,0.89,0.28,14,5,300
3,1,1664.19,0.92,1.08,11.24,10,346
3,1,1853.53,0.89,0.28,14,10,282
3,1,3586,0.94,2.81,13.07,0.5,373
3,1,3586,0.94,2.81,13.07,20,300
3,1,3586,0.94,2.81,13.07,1,354
3,1,3586,0.94,2.81,13.07,2,339
3,1,3586,0.94,2.81,13.07,5,325
3,1,3586,0.94,2.81,13.07,10,311
3,1,1056,1.12,7.7,9.8,0.5,261
3,1,1838,1.13,4.2,10.5,0.5,319
3,1,3120,1.14,1.5,13.6,0.5,402
3,1,1941,1.18,1.3,14.1,0.5,340
3,1,1056,1.12,7.7,9.8,1,248
3,1,1838,1.13,4.2,10.5,1,309
3,1,3120,1.14,1.5,13.6,1,389
3,1,1941,1.18,1.3,14.1,1,322
3,1,1056,1.12,7.7,9.8,2,238
3,1,1838,1.13,4.2,10.5,2,295
3,1,3120,1.14,1.5,13.6,2,330
3,1,1941,1.18,1.3,14.1,2,282
3,1,1056,1.12,7.7,9.8,5,230
3,1,1838,1.13,4.2,10.5,5,279
3,1,3120,1.14,1.5,13.6,5,286
3,1,1941,1.18,1.3,14.1,5,241
3,1,1056,1.12,7.7,9.8,10,212
3,1,1838,1.13,4.2,10.5,10,260
3,1,3120,1.14,1.5,13.6,10,260
3,1,1941,1.18,1.3,14.1,10,181
3,1,1056,1.12,7.7,9.8,20,201
3,1,1838,1.13,4.2,10.5,20,242
3,1,3120,1.14,1.5,13.6,20,220
3,1,1941,1.18,1.3,14.1,20,130
2,1,3120,1.14,1.5,13.6,1,320
2,1,3120,1.14,1.5,13.6,2,227
2,1,3120,1.14,1.5,13.6,5,240
2,1,3120,1.14,1.5,13.6,10,235
2,1,3120,1.14,1.5,13.6,20,220
2,1.6,3120,1.14,1.5,13.6,0.5,225
2,1.6,3120,1.14,1.5,13.6,1,198
2,1.6,3120,1.14,1.5,13.6,2,179
2,1.6,3120,1.14,1.5,13.6,5,154
2,1.6,3120,1.14,1.5,13.6,10,129
2,2,478,0.046,0,13.69,0.5,55
2,1.5,478,0.046,0,13.69,0.5,40
2,1,478,0.046,0,13.69,0.5,27
2,2,478,0.046,0,13.69,0.5,122
2,2,478,0.046,0,13.69,1,54
2,1.5,478,0.046,0,13.69,1,40
2,1,478,0.046,0,13.69,1,26
2,2,478,0.046,0,13.69,1,118
2,2,478,0.046,0,13.69,1.5,53
2,1.5,478,0.046,0,13.69,1.5,38
2,1,478,0.046,0,13.69,1.5,26
2,2,478,0.046,0,13.69,1.5,116
2,2,478,0.046,0,13.69,2.5,50
2,1.5,478,0.046,0,13.69,2.5,36
2,1,478,0.046,0,13.69,2.5,25
2,2,478,0.046,0,13.69,2.5,108
3,1,15.13,1.286,3.55,14.69,1,65.2
3,1,14.38,1.32,3.63,14.18,1,82.8
3,1,16.53,1.279,3.78,14.16,1,63.2
3,1,1175.46,1.472,2.93,5.39,1,210.5
3,1,1175.46,1.472,2.93,5.39,10,151
3,1,988,0.98,0,4.61,0.5,201
3,1,1210,1,0,4.38,0.5,247
3,1,988,0.98,0,4.61,0.5,239
3,1,1210,1,0,4.38,0.5,294
3,1,988,0.98,0,4.61,1,183
3,1,1210,1,0,4.38,1,221
3,1,988,0.98,0,4.61,1,188
3,1,1210,1,0,4.38,1,239
3,1,988,0.98,0,4.61,2,170
3,1,1210,1,0,4.38,2,204
3,1,988,0.98,0,4.61,2,170
3,1,1210,1,0,4.38,2,219
3,1,988,0.98,0,4.61,5,153
3,1,1210,1,0,4.38,5,184
3,1,988,0.98,0,4.61,5,154
3,1,1210,1,0,4.38,5,199
3,1,988,0.98,0,4.61,10,140
3,1,1210,1,0,4.38,10,109
3,1,988,0.98,0,4.61,10,142
3,1,1210,1,0,4.38,10,183
3,1,988,0.98,0,4.61,15,131
3,1,1210,1,0,4.38,15,101
3,1,988,0.98,0,4.61,15,134
3,1,1210,1,0,4.38,15,176
3,1,988,0.98,0,4.61,20,124
3,1,1210,1,0,4.38,20,95
3,1,988,0.98,0,4.61,20,130
3,1,1210,1,0,4.38,20,169
2,1.2,1210,1,0,4.38,1,50
2,1.2,1210,1,0,4.38,1,47
